run_id,case,sweep_deg,aspect_ratio,taper_ratio,beta_deg,aoa_deg,status,cells,layer_coverage,iters,stop_reason,Cd,Cl,Cy,CY,Cn,yplus_min,yplus_max,yplus_avg,lsb_mean,lsb_max,lsb_p95,lsb_frac_le1,notes
raven_01,raven_01_b-020,15.0,1.875,0.6,-20.0,0.0,OK,158179,95.1%,424,converged,0.007493363,-0.0009861333,-0.04783866,-0.04783866,-0.02432718,0.0136472,72.9245,3.08092,3.06,72.92,17.45,0.562,
raven_01,raven_01_b-015,15.0,1.875,0.6,-15.0,0.0,OK,158179,95.1%,402,converged,0.00806065,-0.0009755651,-0.03593075,-0.03593075,-0.01842849,0.0268523,73.2856,3.07998,3.04,73.29,17.43,0.5589999999999999,
raven_01,raven_01_b-010,15.0,1.875,0.6,-10.0,0.0,OK,158179,95.1%,412,converged,0.008456858,-0.0009755778,-0.02424522,-0.02424522,-0.01269083,0.0212132,72.6831,3.08124,3.01,72.68,17.4,0.564,
raven_01,raven_01_b-005,15.0,1.875,0.6,-5.0,0.0,OK,158179,95.1%,416,converged,0.008683142,-0.0009816085,-0.01364488,-0.01364488,-0.007528811,0.03136,71.3483,3.08832,3.0,71.35,17.37,0.573,
raven_01,raven_01_b+000,15.0,1.875,0.6,0.0,0.0,OK,158179,95.1%,418,converged,0.00871914,-0.0009744347,-0.003270798,-0.003270798,-0.002457305,0.0481915,71.6581,3.09531,3.0,71.66,17.33,0.573,
raven_01,raven_01_b+005,15.0,1.875,0.6,5.0,0.0,OK,158179,95.1%,405,converged,0.008658778,-0.0009850598,0.007029979,0.007029979,0.002558479,0.0258187,71.0451,3.08012,2.98,71.05,17.22,0.574,
raven_01,raven_01_b+010,15.0,1.875,0.6,10.0,0.0,OK,158179,95.1%,397,converged,0.008416278,-0.000980984,0.01766131,0.01766131,0.007745243,0.0378881,69.6983,3.05701,2.96,69.7,16.98,0.5770000000000001,
raven_01,raven_01_b+015,15.0,1.875,0.6,15.0,0.0,OK,158179,95.1%,370,converged,0.008013357,-0.0009811112,0.0293399,0.0293399,0.01348723,0.0278381,69.9736,3.04038,2.95,69.97,16.65,0.578,
raven_01,raven_01_b+020,15.0,1.875,0.6,20.0,0.0,OK,158179,95.1%,369,converged,0.007437892,-0.0009941651,0.04146385,0.04146385,0.01947402,0.0552033,69.8311,3.02134,2.93,69.83,16.3,0.579,
