run_id,case,sweep_deg,aspect_ratio,taper_ratio,beta_deg,status,cells,layer_coverage,iters,stop_reason,Cd,Cl,Cy,CY,Cn,yplus_min,yplus_max,yplus_avg,lsb_mean,lsb_max,lsb_p95,lsb_frac_le1,notes
run_01,case_01,19.82,2.91,0.581,0.0,OK,390251,96.9%,423,converged,0.02369156,-0.002739847,-0.0005020471,,,0.0586445,58.0081,1.84136,1.05,58.01,2.15,0.8809999999999999,
run_02,case_02,23.87,1.65,0.732,0.0,OK,268100,94.5%,448,converged,0.01616555,-0.002090763,0.0001694658,,,0.0714476,58.1138,2.54037,1.45,53.92,3.12,0.815,
run_03,case_03,19.16,1.99,0.67,0.0,OK,316144,96.6%,425,converged,0.01702835,-0.001899872,-8.820309e-05,,,0.0546375,57.4408,1.84284,1.05,54.47,2.38,0.856,
run_04,case_04,32.7,2.0,0.702,0.0,OK,290122,94.8%,434,converged,0.01884569,-0.003422455,-0.0001258284,,,0.0838065,54.5264,2.52334,1.26,52.69,2.91,0.802,
run_05,case_05,24.57,1.93,0.496,0.0,OK,257648,96.3%,434,converged,0.01411588,-0.001884917,0.0005370665,,,0.0487972,60.2107,2.02662,0.91,53.72,2.05,0.858,
run_06,case_06,33.52,1.85,0.779,0.0,OK,276958,93.4%,423,converged,0.01920272,-0.003487764,-0.0002601242,,,0.0838017,57.0765,2.96865,1.8,52.53,4.37,0.71,
run_07,case_07,25.11,2.61,0.485,0.0,OK,314954,96.3%,425,converged,0.01900073,-0.002694488,-0.0006616468,,,0.06207,60.8808,2.02991,0.83,54.13,1.91,0.885,
run_08,case_08,18.76,2.66,0.787,0.0,OK,411237,94.5%,411,converged,0.02768376,-0.002952497,-0.0001592782,,,0.0672957,57.4898,2.52819,1.59,52.71,3.88,0.825,
run_09,case_09,33.81,1.73,0.744,0.0,OK,269504,94.1%,426,converged,0.01699945,-0.003194075,-0.000483263,,,0.0864185,57.8031,2.68215,1.4,52.09,3.07,0.807,
run_10,case_10,20.97,2.87,0.598,0.0,OK,385169,96.2%,422,converged,0.02374728,-0.002887753,0.0005385116,,,0.0483856,62.4068,2.04728,1.09,54.91,2.19,0.879,
run_11,case_11,27.84,1.88,0.6,0.0,OK,270031,95.6%,411,converged,0.01560583,-0.002411333,0.001135122,,,0.0572894,54.7139,2.24141,1.1,52.96,2.11,0.8540000000000001,
run_12,case_12,30.75,2.44,0.687,0.0,OK,336498,94.7%,439,converged,0.02293262,-0.003982248,-0.0003431451,,,0.0811369,65.2197,2.62905,1.34,51.72,3.07,0.8170000000000001,
run_13,case_13,17.58,1.59,0.554,0.0,OK,242794,96.7%,436,converged,0.01188015,-0.001111036,0.000108285,,,0.0626182,57.0354,1.82877,1.01,53.17,2.13,0.847,
run_14,case_14,15.89,1.51,0.568,0.0,OK,242722,96.8%,433,converged,0.01120431,-0.0009256667,0.0003921304,,,0.0696327,52.7712,1.68525,1.01,52.77,2.05,0.848,
run_15,case_15,31.2,2.46,0.436,0.0,OK,282040,96.7%,426,converged,0.01693002,-0.002959453,-0.0004259914,,,0.0759702,54.8402,2.02275,0.85,52.87,1.94,0.863,
run_16,case_16,23.13,2.99,0.648,0.0,OK,403644,95.7%,418,converged,0.02682551,-0.003578289,0.0008860185,,,0.0625157,57.7446,2.21309,1.12,52.21,2.76,0.861,
run_17,case_17,15.21,2.29,0.545,0.0,OK,328609,97.2%,416,converged,0.01682838,-0.001423667,0.001592589,,,0.0543304,54.7297,1.60666,0.97,54.23,2.05,0.875,
run_18,case_18,18.33,2.77,0.523,0.0,OK,368607,97.2%,413,converged,0.01999459,-0.002177708,-6.556953e-05,,,0.0580044,58.6695,1.65698,0.89,52.45,1.97,0.889,
run_19,case_19,34.53,2.33,0.71,0.0,OK,309356,93.8%,411,converged,0.02269752,-0.004327934,-0.0005445875,,,0.0728126,54.6479,2.89428,1.76,53.1,4.63,0.684,
run_20,case_20,29.29,2.14,0.638,0.0,OK,302299,95.1%,422,converged,0.0188078,-0.003092727,-0.000147653,,,0.0668264,54.8353,2.40968,1.23,54.84,2.53,0.848,
run_21,case_21,31.89,2.57,0.46,0.0,OK,296397,96.5%,433,converged,0.01805259,-0.003270009,-2.348503e-05,,,0.0787684,61.952,2.0596,0.83,53.05,1.85,0.872,
run_22,case_22,25.82,2.37,0.618,0.0,OK,322844,95.2%,422,converged,0.02046473,-0.002940806,0.000134959,,,0.0481741,58.1289,2.40346,1.15,54.17,2.38,0.863,
run_23,case_23,27.29,1.8,0.423,0.0,OK,223353,96.8%,434,converged,0.01234079,-0.001739626,-0.0001090182,,,0.0437952,57.8152,1.98392,0.87,50.73,2.03,0.838,
run_24,case_24,21.38,2.73,0.757,0.0,OK,409890,95.0%,412,converged,0.02770745,-0.003357835,-0.001208913,,,0.0733969,60.2672,2.39255,1.46,52.56,3.43,0.84,
run_25,case_25,16.43,1.65,0.45,0.0,OK,230378,97.5%,460,converged,0.01085055,-0.0008692536,-0.0007312604,,,0.0574083,59.0468,1.55978,0.66,38.31,1.76,0.887,
run_26,case_26,28.81,2.22,0.409,0.0,OK,253931,96.5%,454,converged,0.01480602,-0.00232393,-0.0001830245,,,0.0567147,53.7535,2.03836,0.86,52.47,2.05,0.8490000000000001,
run_27,case_27,21.96,2.17,0.656,0.0,OK,316037,95.9%,440,converged,0.01958953,-0.002370309,0.0006561354,,,0.0393196,57.8404,2.20453,1.18,54.51,2.7,0.8540000000000001,
run_28,case_28,30.06,2.84,0.509,0.0,OK,334460,96.2%,432,converged,0.02134966,-0.003654854,0.0001001149,,,0.0774557,56.3402,2.1538,1.01,51.26,2.18,0.861,
run_29,case_29,22.98,2.51,0.772,0.0,OK,378025,94.1%,431,converged,0.02589116,-0.00331464,4.460169e-05,,,0.0756842,57.6412,2.66638,1.57,55.96,3.76,0.8240000000000001,
run_30,case_30,26.69,2.07,0.478,0.0,OK,263097,96.3%,423,converged,0.01475812,-0.002161082,0.0002446444,,,0.0547602,59.3327,2.01681,0.84,53.07,1.91,0.871,
run_25,case_25_b-020,16.43,1.65,0.45,-20.0,OK,230378,97.5%,378,converged,0.008952863,-0.001094084,-0.06351034,-0.06351034,-0.03564287,0.0186137,54.2614,1.52818,0.66,38.74,1.72,0.8809999999999999,
run_25,case_25_b-015,16.43,1.65,0.45,-15.0,OK,230378,97.5%,402,converged,0.009765752,-0.0009684038,-0.04611804,-0.04611838,-0.02583004,0.0170072,54.8941,1.5341,0.65,38.56,1.67,0.884,
run_25,case_25_b-010,16.43,1.65,0.45,-10.0,OK,230378,97.5%,414,converged,0.01035402,-0.000901576,-0.02996889,-0.02996889,-0.01679158,0.0357477,55.5039,1.53957,0.65,38.45,1.67,0.887,
run_25,case_25_b-005,16.43,1.65,0.45,-5.0,OK,230378,97.5%,471,converged,0.0107359,-0.0008848057,-0.01514519,-0.01514519,-0.008565598,0.0469687,57.1829,1.55019,0.65,38.37,1.73,0.887,
run_25,case_25_b+000,16.43,1.65,0.45,0.0,OK,230378,97.5%,452,converged,0.01085045,-0.0008692538,-0.0007320883,-0.0007320883,-0.0005572929,0.0574083,59.0468,1.55978,0.66,38.31,1.76,0.887,
run_25,case_25_b+005,16.43,1.65,0.45,5.0,OK,230378,97.5%,466,converged,0.01075092,-0.0008843888,0.01368086,0.01368086,0.007452088,0.0406042,60.5397,1.55259,0.65,38.23,1.74,0.888,
run_25,case_25_b+010,16.43,1.65,0.45,10.0,OK,230378,97.5%,410,converged,0.01038202,-0.0008993298,0.02850556,0.02850556,0.01567815,0.0218232,61.5624,1.54238,0.65,38.35,1.68,0.887,
run_25,case_25_b+015,16.43,1.65,0.45,15.0,OK,230378,97.5%,402,converged,0.009804395,-0.0009620048,0.04469324,0.04469324,0.02474601,0.00912098,62.3145,1.53728,0.65,38.5,1.67,0.885,
run_25,case_25_b+020,16.43,1.65,0.45,20.0,OK,230378,97.5%,380,converged,0.009001415,-0.001083111,0.06219826,0.06219826,0.03464306,0.0205575,62.8578,1.5307,0.66,38.72,1.71,0.883,
