x,y,z,Q
3.499999940395355225e-01,-4.875000119209289551e-01,-8.500000089406967163e-02,-8.682210136612411588e-06
3.499999940395355225e-01,-4.624999761581420898e-01,-8.500000089406967163e-02,-9.672229680290911347e-06
3.499999940395355225e-01,-4.375000000000000000e-01,-8.500000089406967163e-02,-1.179520040750503540e-05
3.499999940395355225e-01,-4.124999940395355225e-01,-8.500000089406967163e-02,-1.509829962742514908e-05
3.499999940395355225e-01,-3.874999880790710449e-01,-8.500000089406967163e-02,-2.022270018642302603e-05
3.499999940395355225e-01,-3.625000119209289551e-01,-8.500000089406967163e-02,-2.693819988053292036e-05
3.499999940395355225e-01,-3.374999761581420898e-01,-8.500000089406967163e-02,-3.737959923455491662e-05
3.499999940395355225e-01,-3.125000000000000000e-01,-8.500000089406967163e-02,-4.905569949187338352e-05
3.499999940395355225e-01,-2.874999940395355225e-01,-8.500000089406967163e-02,-6.969930109335109591e-05
3.499999940395355225e-01,-2.624994814395904541e-01,-8.500000089406967163e-02,-8.635279664304107428e-05
3.499999940395355225e-01,-2.374989986419677734e-01,-8.500000089406967163e-02,-1.247579930350184441e-04
3.499999940395355225e-01,-2.124989777803421021e-01,-8.500000089406967163e-02,-1.383280032314360142e-04
3.499999940395355225e-01,-1.874989569187164307e-01,-8.500002324581146240e-02,-1.930550060933455825e-04
3.499999940395355225e-01,-1.624987125396728516e-01,-8.500004559755325317e-02,-1.803079940145835280e-04
3.499999940395355225e-01,-1.374982297420501709e-01,-8.500007539987564087e-02,-2.209480007877573371e-04
3.499999940395355225e-01,-1.124980971217155457e-01,-8.500009775161743164e-02,-1.542690006317570806e-04
3.499999940395355225e-01,-8.749826252460479736e-02,-8.500012755393981934e-02,-5.197909777052700520e-04
3.499999940395355225e-01,-6.249844282865524292e-02,-8.500017970800399780e-02,-6.410999922081828117e-04
3.499999940395355225e-01,-3.749880194664001465e-02,-8.500020205974578857e-02,-6.393429823219776154e-03
3.499999940395355225e-01,-1.249930635094642639e-02,-8.500023186206817627e-02,-3.841389901936054230e-03
3.499999940395355225e-01,1.250013150274753571e-02,-8.500023186206817627e-02,-2.389939967542886734e-03
3.499999940395355225e-01,3.749959170818328857e-02,-8.500020205974578857e-02,-4.903010092675685883e-03
3.499999940395355225e-01,6.249915435910224915e-02,-8.500017970800399780e-02,-3.397320106159895658e-04
3.499999940395355225e-01,8.749887347221374512e-02,-8.500012755393981934e-02,-3.753080090973526239e-04
3.499999940395355225e-01,1.124988645315170288e-01,-8.500009775161743164e-02,-1.725009933579713106e-04
3.499999940395355225e-01,1.374989598989486694e-01,-8.500007539987564087e-02,-2.639179874677211046e-04
3.499999940395355225e-01,1.624989658594131470e-01,-8.500004559755325317e-02,-2.048549940809607506e-04
3.499999940395355225e-01,1.874989867210388184e-01,-8.500002324581146240e-02,-2.100609999615699053e-04
3.499999940395355225e-01,2.124990075826644897e-01,-8.500000089406967163e-02,-1.438939943909645081e-04
3.499999940395355225e-01,2.374989986419677734e-01,-8.500000089406967163e-02,-1.255259994650259614e-04
3.499999940395355225e-01,2.624994814395904541e-01,-8.500000089406967163e-02,-8.418990182690322399e-05
3.499999940395355225e-01,2.874999940395355225e-01,-8.500000089406967163e-02,-6.648099952144548297e-05
3.499999940395355225e-01,3.125000000000000000e-01,-8.500000089406967163e-02,-4.572730176732875407e-05
3.499999940395355225e-01,3.374999761581420898e-01,-8.500000089406967163e-02,-3.426759940339252353e-05
3.499999940395355225e-01,3.625000119209289551e-01,-8.500000089406967163e-02,-2.426709943392779678e-05
3.499999940395355225e-01,3.874999880790710449e-01,-8.500000089406967163e-02,-1.795450043573509902e-05
3.499999940395355225e-01,4.125000238418579102e-01,-8.500000089406967163e-02,-1.320600040344288573e-05
3.499999940395355225e-01,4.375000000000000000e-01,-8.500000089406967163e-02,-1.017970043903915212e-05
3.499999940395355225e-01,4.625000059604644775e-01,-8.500000089406967163e-02,-8.248560334322974086e-06
3.499999940395355225e-01,4.875000119209289551e-01,-8.500000089406967163e-02,-7.351559816015651450e-06
3.499999940395355225e-01,-4.875000119209289551e-01,-5.499999970197677612e-02,-8.279390385723672807e-06
3.499999940395355225e-01,-4.624999761581420898e-01,-5.499999970197677612e-02,-9.244229659088887274e-06
3.499999940395355225e-01,-4.375000000000000000e-01,-5.499999970197677612e-02,-1.132370016421191394e-05
3.499999940395355225e-01,-4.124999940395355225e-01,-5.499999970197677612e-02,-1.456819973100209609e-05
3.499999940395355225e-01,-3.874999880790710449e-01,-5.499999970197677612e-02,-1.961469934030901641e-05
3.499999940395355225e-01,-3.625000119209289551e-01,-5.499999970197677612e-02,-2.617420068418141454e-05
3.499999940395355225e-01,-3.374999761581420898e-01,-5.499999970197677612e-02,-3.664190080598928034e-05
3.499999940395355225e-01,-3.125000000000000000e-01,-5.499999970197677612e-02,-4.783199983648955822e-05
3.499999940395355225e-01,-2.874999940395355225e-01,-5.499999970197677612e-02,-6.941670289961621165e-05
3.499999940395355225e-01,-2.624994814395904541e-01,-5.499999970197677612e-02,-8.401129889534786344e-05
3.499999940395355225e-01,-2.374989986419677734e-01,-5.499999970197677612e-02,-1.278540003113448620e-04
3.499999940395355225e-01,-2.124989777803421021e-01,-5.500002205371856689e-02,-1.354440028080716729e-04
3.499999940395355225e-01,-1.874989569187164307e-01,-5.500007793307304382e-02,-2.144150057574734092e-04
3.499999940395355225e-01,-1.624984741210937500e-01,-5.500012636184692383e-02,-1.949389989022165537e-04
3.499999940395355225e-01,-1.374979764223098755e-01,-5.500020459294319153e-02,-3.360430127941071987e-04
3.499999940395355225e-01,-1.124980449676513672e-01,-5.500028282403945923e-02,-6.149500259198248386e-04
3.499999940395355225e-01,-8.749816566705703735e-02,-5.500036105513572693e-02,-1.134020043537020683e-03
3.499999940395355225e-01,-6.249836459755897522e-02,-5.500048771500587463e-02,-5.082020070403814316e-03
3.499999940395355225e-01,-3.749872371554374695e-02,-5.500058829784393311e-02,-2.786579914391040802e-02
3.499999940395355225e-01,-1.249924954026937485e-02,-5.500064417719841003e-02,2.822040114551782608e-04
3.499999940395355225e-01,1.250011287629604340e-02,-5.500064790248870850e-02,-3.837310010567307472e-03
3.499999940395355225e-01,3.749951347708702087e-02,-5.500059202313423157e-02,-1.930419914424419403e-02
3.499999940395355225e-01,6.249905377626419067e-02,-5.500048771500587463e-02,-4.959539975970983505e-03
3.499999940395355225e-01,8.749876916408538818e-02,-5.500035732984542847e-02,-8.136489777825772762e-04
3.499999940395355225e-01,1.124988123774528503e-01,-5.500028282403945923e-02,-5.513440119102597237e-04
3.499999940395355225e-01,1.374989598989486694e-01,-5.500020831823348999e-02,-3.497930010780692101e-04
3.499999940395355225e-01,1.624989658594131470e-01,-5.500013008713722229e-02,-1.970960001926869154e-04
3.499999940395355225e-01,1.874989867210388184e-01,-5.500007420778274536e-02,-2.213050029240548611e-04
3.499999940395355225e-01,2.124990075826644897e-01,-5.500002205371856689e-02,-1.351800019619986415e-04
3.499999940395355225e-01,2.374989986419677734e-01,-5.499999970197677612e-02,-1.256020041182637215e-04
3.499999940395355225e-01,2.624994814395904541e-01,-5.499999970197677612e-02,-8.027320291148498654e-05
3.499999940395355225e-01,2.874999940395355225e-01,-5.499999970197677612e-02,-6.533169653266668320e-05
3.499999940395355225e-01,3.125000000000000000e-01,-5.499999970197677612e-02,-4.412580165080726147e-05
3.499999940395355225e-01,3.374999761581420898e-01,-5.499999970197677612e-02,-3.332920095999725163e-05
3.499999940395355225e-01,3.625000119209289551e-01,-5.499999970197677612e-02,-2.343089909118134528e-05
3.499999940395355225e-01,3.874999880790710449e-01,-5.499999970197677612e-02,-1.733389945002272725e-05
3.499999940395355225e-01,4.125000238418579102e-01,-5.499999970197677612e-02,-1.269370022782823071e-05
3.499999940395355225e-01,4.375000000000000000e-01,-5.499999970197677612e-02,-9.736369975144043565e-06
3.499999940395355225e-01,4.625000059604644775e-01,-5.499999970197677612e-02,-7.850930160202551633e-06
3.499999940395355225e-01,4.875000119209289551e-01,-5.499999970197677612e-02,-6.980139914958272129e-06
3.499999940395355225e-01,-4.875000119209289551e-01,-2.499999850988388062e-02,-7.535470103903207928e-06
3.499999940395355225e-01,-4.624999761581420898e-01,-2.499999850988388062e-02,-8.475250069750472903e-06
3.499999940395355225e-01,-4.375000000000000000e-01,-2.499999850988388062e-02,-1.052320021699415520e-05
3.499999940395355225e-01,-4.124999940395355225e-01,-2.499999850988388062e-02,-1.371429971186444163e-05
3.499999940395355225e-01,-3.874999880790710449e-01,-2.499999850988388062e-02,-1.879010051197838038e-05
3.499999940395355225e-01,-3.625000119209289551e-01,-2.499999850988388062e-02,-2.535209932830184698e-05
3.499999940395355225e-01,-3.374999761581420898e-01,-2.499999850988388062e-02,-3.649940117611549795e-05
3.499999940395355225e-01,-3.125000000000000000e-01,-2.499999850988388062e-02,-4.811240069102495909e-05
3.499999940395355225e-01,-2.874999940395355225e-01,-2.499999850988388062e-02,-7.466699753422290087e-05
3.499999940395355225e-01,-2.624994814395904541e-01,-2.500000037252902985e-02,-9.162680362351238728e-05
3.499999940395355225e-01,-2.374989986419677734e-01,-2.500002644956111908e-02,-1.612159976502880454e-04
3.499999940395355225e-01,-2.124989777803421021e-01,-2.500007674098014832e-02,-1.805530046112835407e-04
3.499999940395355225e-01,-1.874989569187164307e-01,-2.500010281801223755e-02,-3.770409966818988323e-04
3.499999940395355225e-01,-1.624984741210937500e-01,-2.500015497207641602e-02,-4.371069953776896000e-04
3.499999940395355225e-01,-1.374979764223098755e-01,-2.500025741755962372e-02,-1.006040023639798164e-03
3.499999940395355225e-01,-1.124979630112648010e-01,-2.500038594007492065e-02,-2.335249911993741989e-03
3.499999940395355225e-01,-8.749800920486450195e-02,-2.500054053962230682e-02,-2.840549917891621590e-03
3.499999940395355225e-01,-6.249821186065673828e-02,-2.500072121620178223e-02,-3.620300069451332092e-02
3.499999940395355225e-01,-3.749859333038330078e-02,-2.500087395310401917e-02,-1.650210004299879074e-03
3.499999940395355225e-01,-1.249918248504400253e-02,-2.500095218420028687e-02,-2.581470087170600891e-02
3.499999940395355225e-01,1.250009983777999878e-02,-2.500095218420028687e-02,-3.668050095438957214e-02
3.499999940395355225e-01,3.749943524599075317e-02,-2.500087395310401917e-02,-3.893699962645769119e-03
3.499999940395355225e-01,6.249891966581344604e-02,-2.500072121620178223e-02,-2.854480035603046417e-02
3.499999940395355225e-01,8.749861270189285278e-02,-2.500054053962230682e-02,-3.669699886813759804e-03
3.499999940395355225e-01,1.124984994530677795e-01,-2.500041201710700989e-02,-1.916539971716701984e-03
3.499999940395355225e-01,1.374987214803695679e-01,-2.500028163194656372e-02,-1.112160040065646172e-03
3.499999940395355225e-01,1.624989658594131470e-01,-2.500017918646335602e-02,-4.196790105197578669e-04
3.499999940395355225e-01,1.874989867210388184e-01,-2.500012703239917755e-02,-3.862640005536377430e-04
3.499999940395355225e-01,2.124990075826644897e-01,-2.500007674098014832e-02,-1.771910028764978051e-04
3.499999940395355225e-01,2.374989986419677734e-01,-2.500002644956111908e-02,-1.570989988977089524e-04
3.499999940395355225e-01,2.624994814395904541e-01,-2.500000037252902985e-02,-8.687679655849933624e-05
3.499999940395355225e-01,2.875002026557922363e-01,-2.500002644956111908e-02,-6.979279714869335294e-05
3.499999940395355225e-01,3.125003576278686523e-01,-2.500004507601261139e-02,-4.401649857754819095e-05
3.499999940395355225e-01,3.375003635883331299e-01,-2.500002644956111908e-02,-3.296709837741218507e-05
3.499999940395355225e-01,3.625001609325408936e-01,-2.500000782310962677e-02,-2.253800084872636944e-05
3.499999940395355225e-01,3.874999880790710449e-01,-2.499999850988388062e-02,-1.649419937166385353e-05
3.499999940395355225e-01,4.125000238418579102e-01,-2.499999850988388062e-02,-1.186450026580132544e-05
3.499999940395355225e-01,4.375000000000000000e-01,-2.499999850988388062e-02,-8.985640306491404772e-06
3.499999940395355225e-01,4.625000059604644775e-01,-2.499999850988388062e-02,-7.147490123315947130e-06
3.499999940395355225e-01,4.875000119209289551e-01,-2.499999850988388062e-02,-6.306249815679620951e-06
3.499999940395355225e-01,-4.875000119209289551e-01,4.999999888241291046e-03,-6.491240128525532782e-06
3.499999940395355225e-01,-4.624999761581420898e-01,4.999999888241291046e-03,-7.380930128420004621e-06
3.499999940395355225e-01,-4.375000000000000000e-01,4.999999888241291046e-03,-9.319749551650602371e-06
3.499999940395355225e-01,-4.124999940395355225e-01,4.999999888241291046e-03,-1.233110015164129436e-05
3.499999940395355225e-01,-3.874999880790710449e-01,4.999999888241291046e-03,-1.720070031296927482e-05
3.499999940395355225e-01,-3.625000119209289551e-01,4.999999888241291046e-03,-2.343559935980010778e-05
3.499999940395355225e-01,-3.374999761581420898e-01,4.999999888241291046e-03,-3.456270133028738201e-05
3.499999940395355225e-01,-3.125000000000000000e-01,4.999999888241291046e-03,-4.567810174194164574e-05
3.499999940395355225e-01,-2.874999940395355225e-01,4.999999888241291046e-03,-7.425819785567000508e-05
3.499999940395355225e-01,-2.624994814395904541e-01,4.999998956918716431e-03,-8.908419840736314654e-05
3.499999940395355225e-01,-2.374989986419677734e-01,4.999949596822261810e-03,-1.774609991116449237e-04
3.499999940395355225e-01,-2.124989777803421021e-01,4.999900236725807190e-03,-1.743140019243583083e-04
3.499999940395355225e-01,-1.874989569187164307e-01,4.999898374080657959e-03,-5.101899732835590839e-04
3.499999940395355225e-01,-1.624984741210937500e-01,4.999844357371330261e-03,-2.869440068025141954e-04
3.499999940395355225e-01,-1.374979615211486816e-01,4.999740980565547943e-03,-2.128920052200555801e-03
3.499999940395355225e-01,-1.124978810548782349e-01,4.999586381018161774e-03,-1.607739977771416306e-04
3.499999940395355225e-01,-8.749783039093017578e-02,4.999383818358182907e-03,-1.518439967185258865e-02
3.499999940395355225e-01,-6.249800696969032288e-02,4.999177996069192886e-03,-7.674479857087135315e-03
3.499999940395355225e-01,-3.749844059348106384e-02,4.998996853828430176e-03,7.536020129919052124e-02
3.499999940395355225e-01,-1.249910611659288406e-02,4.998891614377498627e-03,-6.648870110511779785e-01
3.499999940395355225e-01,1.250009797513484955e-02,4.998891614377498627e-03,-7.210860252380371094e-01
3.499999940395355225e-01,3.749935328960418701e-02,4.998994991183280945e-03,7.153180241584777832e-02
3.499999940395355225e-01,6.249881535768508911e-02,4.999176133424043655e-03,-4.624629858881235123e-03
3.499999940395355225e-01,8.749850839376449585e-02,4.999382421374320984e-03,-1.392360031604766846e-02
3.499999940395355225e-01,1.124982014298439026e-01,4.999538883566856384e-03,-2.022489934461191297e-04
3.499999940395355225e-01,1.374984681606292725e-01,4.999693483114242554e-03,-2.001780085265636444e-03
3.499999940395355225e-01,1.624989658594131470e-01,4.999821074306964874e-03,-2.879899984691292048e-04
3.499999940395355225e-01,1.874989569187164307e-01,4.999873694032430649e-03,-4.836070002056658268e-04
3.499999940395355225e-01,2.124989926815032959e-01,4.999899305403232574e-03,-1.656480017118155956e-04
3.499999940395355225e-01,2.374989986419677734e-01,4.999947734177112579e-03,-1.658739929553121328e-04
3.499999940395355225e-01,2.624994814395904541e-01,4.999998025596141815e-03,-8.207600330933928490e-05
3.499999940395355225e-01,2.875001728534698486e-01,4.999972414225339890e-03,-6.774949724785983562e-05
3.499999940395355225e-01,3.125003874301910400e-01,4.999954253435134888e-03,-4.101369995623826981e-05
3.499999940395355225e-01,3.375003337860107422e-01,4.999973345547914505e-03,-3.077879955526441336e-05
3.499999940395355225e-01,3.625001609325408936e-01,4.999991506338119507e-03,-2.060689985228236765e-05
3.499999940395355225e-01,3.874999880790710449e-01,4.999999888241291046e-03,-1.497300036135129631e-05
3.499999940395355225e-01,4.125000238418579102e-01,4.999999888241291046e-03,-1.058979978552088141e-05
3.499999940395355225e-01,4.375000000000000000e-01,4.999999888241291046e-03,-7.894679583841934800e-06
3.499999940395355225e-01,4.625000059604644775e-01,4.999999888241291046e-03,-6.168860181787749752e-06
3.499999940395355225e-01,4.875000119209289551e-01,4.999999888241291046e-03,-5.379029971663840115e-06
3.499999940395355225e-01,-4.875000119209289551e-01,3.500000014901161194e-02,-5.350239916879218072e-06
3.499999940395355225e-01,-4.624999761581420898e-01,3.500000014901161194e-02,-6.169419975776690990e-06
3.499999940395355225e-01,-4.375000000000000000e-01,3.500000014901161194e-02,-7.952049600135069340e-06
3.499999940395355225e-01,-4.124999940395355225e-01,3.500000014901161194e-02,-1.073699968401342630e-05
3.499999940395355225e-01,-3.874999880790710449e-01,3.500000014901161194e-02,-1.523619994259206578e-05
3.499999940395355225e-01,-3.625000119209289551e-01,3.500000014901161194e-02,-2.102729922626167536e-05
3.499999940395355225e-01,-3.374999761581420898e-01,3.500000014901161194e-02,-3.139629916404373944e-05
3.499999940395355225e-01,-3.125000000000000000e-01,3.500000014901161194e-02,-4.155249916948378086e-05
3.499999940395355225e-01,-2.874999940395355225e-01,3.500000014901161194e-02,-6.904399924678727984e-05
3.499999940395355225e-01,-2.624994814395904541e-01,3.500000014901161194e-02,-8.120259735733270645e-05
3.499999940395355225e-01,-2.374989986419677734e-01,3.499997407197952271e-02,-1.691859943093731999e-04
3.499999940395355225e-01,-2.124989777803421021e-01,3.499992564320564270e-02,-1.526200067019090056e-04
3.499999940395355225e-01,-1.874987185001373291e-01,3.499989956617355347e-02,-4.823839990422129631e-04
3.499999940395355225e-01,-1.624982208013534546e-01,3.499984741210937500e-02,-2.167229977203533053e-04
3.499999940395355225e-01,-1.374979615211486816e-01,3.499974310398101807e-02,-1.768160029314458370e-03
3.499999940395355225e-01,-1.124978139996528625e-01,3.499961271882057190e-02,-3.871440130751580000e-04
3.499999940395355225e-01,-8.749767392873764038e-02,3.499943390488624573e-02,-8.460800163447856903e-03
3.499999940395355225e-01,-6.249785050749778748e-02,3.499922901391983032e-02,-2.025379985570907593e-02
3.499999940395355225e-01,-3.749830648303031921e-02,3.499904647469520569e-02,-1.194500029087066650e-01
3.499999940395355225e-01,-1.249901950359344482e-02,3.499893844127655029e-02,-3.433879911899566650e-01
3.499999940395355225e-01,1.250013150274753571e-02,3.499893844127655029e-02,-3.985770046710968018e-01
3.499999940395355225e-01,3.749932348728179932e-02,3.499904274940490723e-02,-9.691359847784042358e-02
3.499999940395355225e-01,6.249873712658882141e-02,3.499922528862953186e-02,-1.847760006785392761e-02
3.499999940395355225e-01,8.749840408563613892e-02,3.499943390488624573e-02,-8.228819817304611206e-03
3.499999940395355225e-01,1.124981343746185303e-01,3.499959036707878113e-02,-4.707640036940574646e-04
3.499999940395355225e-01,1.374982297420501709e-01,3.499971702694892883e-02,-1.642370014451444149e-03
3.499999940395355225e-01,1.624987125396728516e-01,3.499984741210937500e-02,-2.119209966622292995e-04
3.499999940395355225e-01,1.874989569187164307e-01,3.499989956617355347e-02,-4.401000041980296373e-04
3.499999940395355225e-01,2.124989777803421021e-01,3.499992564320564270e-02,-1.392840058542788029e-04
3.499999940395355225e-01,2.374989986419677734e-01,3.499997407197952271e-02,-1.524849940324202180e-04
3.499999940395355225e-01,2.624994814395904541e-01,3.500000014901161194e-02,-7.243859727168455720e-05
3.499999940395355225e-01,2.874999940395355225e-01,3.500000014901161194e-02,-6.133210263215005398e-05
3.499999940395355225e-01,3.125000000000000000e-01,3.500000014901161194e-02,-3.650450162240304053e-05
3.499999940395355225e-01,3.374999761581420898e-01,3.500000014901161194e-02,-2.745659912761766464e-05
3.499999940395355225e-01,3.625000119209289551e-01,3.500000014901161194e-02,-1.822339982027187943e-05
3.499999940395355225e-01,3.874999880790710449e-01,3.500000014901161194e-02,-1.309050003328593448e-05
3.499999940395355225e-01,4.125000238418579102e-01,3.500000014901161194e-02,-9.125809810939244926e-06
3.499999940395355225e-01,4.375000000000000000e-01,3.500000014901161194e-02,-6.672630206594476476e-06
3.499999940395355225e-01,4.625000059604644775e-01,3.500000014901161194e-02,-5.103459898236906156e-06
3.499999940395355225e-01,4.875000119209289551e-01,3.500000014901161194e-02,-4.383360192150576040e-06
3.499999940395355225e-01,-4.875000119209289551e-01,6.499999761581420898e-02,-4.224059921398293227e-06
3.499999940395355225e-01,-4.624999761581420898e-01,6.499999761581420898e-02,-4.965490006725303829e-06
3.499999940395355225e-01,-4.375000000000000000e-01,6.499999761581420898e-02,-6.568930075445678085e-06
3.499999940395355225e-01,-4.124999940395355225e-01,6.499999761581420898e-02,-9.104550372285302728e-06
3.499999940395355225e-01,-3.874999880790710449e-01,6.499999761581420898e-02,-1.312469976255670190e-05
3.499999940395355225e-01,-3.625000119209289551e-01,6.499999761581420898e-02,-1.854800029832404107e-05
3.499999940395355225e-01,-3.374999761581420898e-01,6.499999761581420898e-02,-2.777729969238862395e-05
3.499999940395355225e-01,-3.125000000000000000e-01,6.499999761581420898e-02,-3.830889909295365214e-05
3.499999940395355225e-01,-2.874999940395355225e-01,6.499999761581420898e-02,-6.261499947868287563e-05
3.499999940395355225e-01,-2.624994814395904541e-01,6.499999761581420898e-02,-8.101300045382231474e-05
3.499999940395355225e-01,-2.374989986419677734e-01,6.499999761581420898e-02,-1.573170011397451162e-04
3.499999940395355225e-01,-2.124989777803421021e-01,6.499997526407241821e-02,-1.792440016288310289e-04
3.499999940395355225e-01,-1.874987185001373291e-01,6.499992311000823975e-02,-4.561120003927499056e-04
3.499999940395355225e-01,-1.624982208013534546e-01,6.499987095594406128e-02,-3.920889867004007101e-04
3.499999940395355225e-01,-1.374979615211486816e-01,6.499981880187988281e-02,-1.631089951843023300e-03
3.499999940395355225e-01,-1.124977618455886841e-01,6.499974429607391357e-02,-9.132730192504823208e-04
3.499999940395355225e-01,-8.749757707118988037e-02,6.499961018562316895e-02,-7.551829796284437180e-03
3.499999940395355225e-01,-6.249774992465972900e-02,6.499943137168884277e-02,-1.229569967836141586e-02
3.499999940395355225e-01,-3.749820590019226074e-02,6.499927490949630737e-02,-1.167050004005432129e-01
3.499999940395355225e-01,-1.249892916530370712e-02,6.499917060136795044e-02,-2.329500019550323486e-01
3.499999940395355225e-01,1.250019483268260956e-02,6.499917060136795044e-02,-9.591840207576751709e-02
3.499999940395355225e-01,3.749934956431388855e-02,6.499927490949630737e-02,-1.060200035572052002e-01
3.499999940395355225e-01,6.249871104955673218e-02,6.499940901994705200e-02,-2.069520018994808197e-02
3.499999940395355225e-01,8.749835193157196045e-02,6.499958783388137817e-02,-6.996420212090015411e-03
3.499999940395355225e-01,1.124981120228767395e-01,6.499971449375152588e-02,-1.619789982214570045e-03
3.499999940395355225e-01,1.374979764223098755e-01,6.499979645013809204e-02,-1.519149984233081341e-03
3.499999940395355225e-01,1.624984741210937500e-01,6.499987095594406128e-02,-4.457150062080472708e-04
3.499999940395355225e-01,1.874989569187164307e-01,6.499992311000823975e-02,-4.206699959468096495e-04
3.499999940395355225e-01,2.124989777803421021e-01,6.499996781349182129e-02,-1.725129986880347133e-04
3.499999940395355225e-01,2.374989986419677734e-01,6.499999761581420898e-02,-1.414400030625984073e-04
3.499999940395355225e-01,2.624994814395904541e-01,6.499999761581420898e-02,-7.287839980563148856e-05
3.499999940395355225e-01,2.874999940395355225e-01,6.499999761581420898e-02,-5.517329918802715838e-05
3.499999940395355225e-01,3.125000000000000000e-01,6.499999761581420898e-02,-3.350240149302408099e-05
3.499999940395355225e-01,3.374999761581420898e-01,6.499999761581420898e-02,-2.405929990345612168e-05
3.499999940395355225e-01,3.625000119209289551e-01,6.499999761581420898e-02,-1.595920002728234977e-05
3.499999940395355225e-01,3.874999880790710449e-01,6.499999761581420898e-02,-1.119650005421135575e-05
3.499999940395355225e-01,4.125000238418579102e-01,6.499999761581420898e-02,-7.686910066695418209e-06
3.499999940395355225e-01,4.375000000000000000e-01,6.499999761581420898e-02,-5.478309958562022075e-06
3.499999940395355225e-01,4.625000059604644775e-01,6.499999761581420898e-02,-4.084719876118469983e-06
3.499999940395355225e-01,4.875000119209289551e-01,6.499999761581420898e-02,-3.440439968471764587e-06
3.499999940395355225e-01,-4.875000119209289551e-01,9.499999880790710449e-02,-3.251899897804833017e-06
3.499999940395355225e-01,-4.624999761581420898e-01,9.499999880790710449e-02,-3.894499968737363815e-06
3.499999940395355225e-01,-4.375000000000000000e-01,9.499999880790710449e-02,-5.269550001685274765e-06
3.499999940395355225e-01,-4.124999940395355225e-01,9.499999880790710449e-02,-7.461249879270326346e-06
3.499999940395355225e-01,-3.874999880790710449e-01,9.499999880790710449e-02,-1.086409974959678948e-05
3.499999940395355225e-01,-3.625000119209289551e-01,9.499999880790710449e-02,-1.561099998070858419e-05
3.499999940395355225e-01,-3.374999761581420898e-01,9.499999880790710449e-02,-2.311659955012146384e-05
3.499999940395355225e-01,-3.125000000000000000e-01,9.499999880790710449e-02,-3.303210178273729980e-05
3.499999940395355225e-01,-2.874999940395355225e-01,9.499999880790710449e-02,-5.122709990246221423e-05
3.499999940395355225e-01,-2.624994814395904541e-01,9.499999880790710449e-02,-7.371399988187476993e-05
3.499999940395355225e-01,-2.374989986419677734e-01,9.499999880790710449e-02,-1.249799970537424088e-04
3.499999940395355225e-01,-2.124989777803421021e-01,9.499999880790710449e-02,-1.901869982248172164e-04
3.499999940395355225e-01,-1.874989569187164307e-01,9.499997645616531372e-02,-3.460579901002347469e-04
3.499999940395355225e-01,-1.624984741210937500e-01,9.499994665384292603e-02,-6.358890095725655556e-04
3.499999940395355225e-01,-1.374979615211486816e-01,9.499994665384292603e-02,-1.097709988243877888e-03
3.499999940395355225e-01,-1.124977841973304749e-01,9.499992430210113525e-02,-3.430600045248866081e-03
3.499999940395355225e-01,-8.749759942293167114e-02,9.499986469745635986e-02,-3.315160050988197327e-03
3.499999940395355225e-01,-6.249772384762763977e-02,9.499979019165039062e-02,-3.144029900431632996e-02
3.499999940395355225e-01,-3.749815374612808228e-02,9.499971568584442139e-02,-9.845849871635437012e-02
3.499999940395355225e-01,-1.249887421727180481e-02,9.499966353178024292e-02,-6.706459913402795792e-03
3.499999940395355225e-01,1.250024978071451187e-02,9.499965608119964600e-02,3.953329846262931824e-02
3.499999940395355225e-01,3.749940171837806702e-02,9.499970823526382446e-02,-1.021640002727508545e-01
3.499999940395355225e-01,6.249876320362091064e-02,9.499976783990859985e-02,-3.513409942388534546e-02
3.499999940395355225e-01,8.749840408563613892e-02,9.499984979629516602e-02,-1.698210020549595356e-03
3.499999940395355225e-01,1.124981418251991272e-01,9.499989449977874756e-02,-3.726019989699125290e-03
3.499999940395355225e-01,1.374982297420501709e-01,9.499992430210113525e-02,-8.517730166204273701e-04
3.499999940395355225e-01,1.624987125396728516e-01,9.499994665384292603e-02,-6.127699743956327438e-04
3.499999940395355225e-01,1.874989867210388184e-01,9.499996900558471680e-02,-2.830089943017810583e-04
3.499999940395355225e-01,2.124989926815032959e-01,9.499999880790710449e-02,-1.671880017966032028e-04
3.499999940395355225e-01,2.374989986419677734e-01,9.499999880790710449e-02,-1.039630005834624171e-04
3.499999940395355225e-01,2.624994814395904541e-01,9.499999880790710449e-02,-6.261160160647705197e-05
3.499999940395355225e-01,2.874999940395355225e-01,9.499999880790710449e-02,-4.299659849493764341e-05
3.499999940395355225e-01,3.125000000000000000e-01,9.499999880790710449e-02,-2.790600046864710748e-05
3.499999940395355225e-01,3.374999761581420898e-01,9.499999880790710449e-02,-1.948809949681162834e-05
3.499999940395355225e-01,3.625000119209289551e-01,9.499999880790710449e-02,-1.317530040978454053e-05
3.499999940395355225e-01,3.874999880790710449e-01,9.499999880790710449e-02,-9.147510354523546994e-06
3.499999940395355225e-01,4.125000238418579102e-01,9.499999880790710449e-02,-6.259870133362710476e-06
3.499999940395355225e-01,4.375000000000000000e-01,9.499999880790710449e-02,-4.386310138215776533e-06
3.499999940395355225e-01,4.625000059604644775e-01,9.499999880790710449e-02,-3.207770078006433323e-06
3.499999940395355225e-01,4.875000119209289551e-01,9.499999880790710449e-02,-2.655529897310771048e-06
3.499999940395355225e-01,-4.875000119209289551e-01,1.250000000000000000e-01,-2.524880073906388134e-06
3.499999940395355225e-01,-4.624999761581420898e-01,1.250000000000000000e-01,-3.071980017921305262e-06
3.499999940395355225e-01,-4.375000000000000000e-01,1.250000000000000000e-01,-4.231760158290853724e-06
3.499999940395355225e-01,-4.124999940395355225e-01,1.250000000000000000e-01,-6.095230219216318801e-06
3.499999940395355225e-01,-3.874999880790710449e-01,1.250000000000000000e-01,-8.887689546099863946e-06
3.499999940395355225e-01,-3.625000119209289551e-01,1.250000000000000000e-01,-1.289240026380866766e-05
3.499999940395355225e-01,-3.374999761581420898e-01,1.250000000000000000e-01,-1.865259946498554200e-05
3.499999940395355225e-01,-3.125000000000000000e-01,1.250000000000000000e-01,-2.717630013648886234e-05
3.499999940395355225e-01,-2.874999940395355225e-01,1.250000000000000000e-01,-3.931990067940205336e-05
3.499999940395355225e-01,-2.624994814395904541e-01,1.250000000000000000e-01,-6.034329999238252640e-05
3.499999940395355225e-01,-2.374989986419677734e-01,1.250000000000000000e-01,-8.578399865655228496e-05
3.499999940395355225e-01,-2.124989926815032959e-01,1.250000000000000000e-01,-1.566290011396631598e-04
3.499999940395355225e-01,-1.874989867210388184e-01,1.250000000000000000e-01,-1.925010001286864281e-04
3.499999940395355225e-01,-1.624984741210937500e-01,1.250000000000000000e-01,-5.432739853858947754e-04
3.499999940395355225e-01,-1.374979764223098755e-01,1.250000000000000000e-01,-4.240520065650343895e-04
3.499999940395355225e-01,-1.124978810548782349e-01,1.250000000000000000e-01,-2.887140028178691864e-03
3.499999940395355225e-01,-8.749778568744659424e-02,1.250000000000000000e-01,-1.138780033215880394e-03
3.499999940395355225e-01,-6.249785050749778748e-02,1.250000000000000000e-01,-2.013400010764598846e-02
3.499999940395355225e-01,-3.749823197722434998e-02,1.250000149011611938e-01,-5.674080178141593933e-02
3.499999940395355225e-01,-1.249889843165874481e-02,1.250000149011611938e-01,-5.843750014901161194e-02
3.499999940395355225e-01,1.250027772039175034e-02,1.250000149011611938e-01,-1.751140058040618896e-01
3.499999940395355225e-01,3.749947994947433472e-02,1.250000000000000000e-01,-7.474599778652191162e-02
3.499999940395355225e-01,6.249889358878135681e-02,1.250000000000000000e-01,-1.076509989798069000e-02
3.499999940395355225e-01,8.749856054782867432e-02,1.250000000000000000e-01,-1.344589982181787491e-03
3.499999940395355225e-01,1.124984622001647949e-01,1.250000000000000000e-01,-1.969950040802359581e-03
3.499999940395355225e-01,1.374987065792083740e-01,1.250000000000000000e-01,-3.075250133406370878e-04
3.499999940395355225e-01,1.624989658594131470e-01,1.250000000000000000e-01,-4.143750120420008898e-04
3.499999940395355225e-01,1.874989867210388184e-01,1.250000000000000000e-01,-1.459680061088874936e-04
3.499999940395355225e-01,2.124990075826644897e-01,1.250000000000000000e-01,-1.265540049644187093e-04
3.499999940395355225e-01,2.374992370605468750e-01,1.250000000000000000e-01,-6.877390114823356271e-05
3.499999940395355225e-01,2.624997496604919434e-01,1.250000000000000000e-01,-4.983320104656741023e-05
3.499999940395355225e-01,2.875000238418579102e-01,1.250000000000000000e-01,-3.242800084990449250e-05
3.499999940395355225e-01,3.125000000000000000e-01,1.250000000000000000e-01,-2.270359982503578067e-05
3.499999940395355225e-01,3.374999761581420898e-01,1.250000000000000000e-01,-1.559869997436180711e-05
3.499999940395355225e-01,3.625000119209289551e-01,1.250000000000000000e-01,-1.084409996110480279e-05
3.499999940395355225e-01,3.874999880790710449e-01,1.250000000000000000e-01,-7.476270184270106256e-06
3.499999940395355225e-01,4.125000238418579102e-01,1.250000000000000000e-01,-5.127009899297263473e-06
3.499999940395355225e-01,4.375000000000000000e-01,1.250000000000000000e-01,-3.546640073182061315e-06
3.499999940395355225e-01,4.625000059604644775e-01,1.250000000000000000e-01,-2.561140036050346680e-06
3.499999940395355225e-01,4.875000119209289551e-01,1.250000000000000000e-01,-2.094300043609109707e-06
3.499999940395355225e-01,-4.875000119209289551e-01,1.550000011920928955e-01,-2.038020056716050021e-06
3.499999940395355225e-01,-4.624999761581420898e-01,1.550000011920928955e-01,-2.492560042810509913e-06
3.499999940395355225e-01,-4.375000000000000000e-01,1.550000011920928955e-01,-3.444790081630344503e-06
3.499999940395355225e-01,-4.124999940395355225e-01,1.550000011920928955e-01,-4.979689947504084557e-06
3.499999940395355225e-01,-3.874999880790710449e-01,1.550000011920928955e-01,-7.215980076580308378e-06
3.499999940395355225e-01,-3.625000119209289551e-01,1.550000011920928955e-01,-1.049030015565222129e-05
3.499999940395355225e-01,-3.374999761581420898e-01,1.550000011920928955e-01,-1.489500027673784643e-05
3.499999940395355225e-01,-3.125000000000000000e-01,1.550000011920928955e-01,-2.187219979532528669e-05
3.499999940395355225e-01,-2.875000238418579102e-01,1.550000011920928955e-01,-3.035500049008987844e-05
3.499999940395355225e-01,-2.624997496604919434e-01,1.550000011920928955e-01,-4.767869904753752053e-05
3.499999940395355225e-01,-2.374992370605468750e-01,1.550000011920928955e-01,-6.271209713304415345e-05
3.499999940395355225e-01,-2.124989926815032959e-01,1.550000011920928955e-01,-1.163449996965937316e-04
3.499999940395355225e-01,-1.874989867210388184e-01,1.550000011920928955e-01,-1.321860036114230752e-04
3.499999940395355225e-01,-1.624987274408340454e-01,1.550000011920928955e-01,-3.298140072729438543e-04
3.499999940395355225e-01,-1.374982297420501709e-01,1.550000011920928955e-01,-3.136140003334730864e-04
3.499999940395355225e-01,-1.124980449676513672e-01,1.550000011920928955e-01,-1.046080025844275951e-03
3.499999940395355225e-01,-8.749805390834808350e-02,1.550000160932540894e-01,-1.571560045704245567e-03
3.499999940395355225e-01,-6.249811127781867981e-02,1.550002545118331909e-01,-1.637430046685039997e-03
3.499999940395355225e-01,-3.749844059348106384e-02,1.550005078315734863e-01,-2.869009971618652344e-02
3.499999940395355225e-01,-1.249901112169027328e-02,1.550005227327346802e-01,-5.057910084724426270e-02
3.499999940395355225e-01,1.250027120113372803e-02,1.550005078315734863e-01,-7.456939667463302612e-02
3.499999940395355225e-01,3.749958425760269165e-02,1.550004929304122925e-01,-1.974279992282390594e-02
3.499999940395355225e-01,6.249907240271568298e-02,1.550002545118331909e-01,-1.123070018365979195e-03
3.499999940395355225e-01,8.749876916408538818e-02,1.550000160932540894e-01,-1.246490050107240677e-03
3.499999940395355225e-01,1.124988123774528503e-01,1.550000011920928955e-01,-8.302059723064303398e-04
3.499999940395355225e-01,1.374989598989486694e-01,1.550000011920928955e-01,-2.797849883791059256e-04
3.499999940395355225e-01,1.624989807605743408e-01,1.550000011920928955e-01,-2.717559982556849718e-04
3.499999940395355225e-01,1.874989867210388184e-01,1.550000011920928955e-01,-1.100939989555627108e-04
3.499999940395355225e-01,2.124990075826644897e-01,1.550000011920928955e-01,-9.562190098222345114e-05
3.499999940395355225e-01,2.374994754791259766e-01,1.550000011920928955e-01,-5.086580131319351494e-05
3.499999940395355225e-01,2.624999880790710449e-01,1.550000011920928955e-01,-3.902049866155721247e-05
3.499999940395355225e-01,2.875000238418579102e-01,1.550000011920928955e-01,-2.474360007909126580e-05
3.499999940395355225e-01,3.125000000000000000e-01,1.550000011920928955e-01,-1.802179940568748862e-05
3.499999940395355225e-01,3.374999761581420898e-01,1.550000011920928955e-01,-1.231759961228817701e-05
3.499999940395355225e-01,3.625000119209289551e-01,1.550000011920928955e-01,-8.753429938224144280e-06
3.499999940395355225e-01,3.874999880790710449e-01,1.550000011920928955e-01,-6.050329830031841993e-06
3.499999940395355225e-01,4.125000238418579102e-01,1.550000011920928955e-01,-4.200750026939203963e-06
3.499999940395355225e-01,4.375000000000000000e-01,1.550000011920928955e-01,-2.917189931395114399e-06
3.499999940395355225e-01,4.625000059604644775e-01,1.550000011920928955e-01,-2.117559915859601460e-06
3.499999940395355225e-01,4.875000119209289551e-01,1.550000011920928955e-01,-1.733850012897164561e-06
3.499999940395355225e-01,-4.875000119209289551e-01,1.850000023841857910e-01,-1.758879989210981876e-06
3.499999940395355225e-01,-4.624999761581420898e-01,1.850000023841857910e-01,-2.129630047420505434e-06
3.499999940395355225e-01,-4.375000000000000000e-01,1.850000023841857910e-01,-2.895570105465594679e-06
3.499999940395355225e-01,-4.124999940395355225e-01,1.850000023841857910e-01,-4.122739937884034589e-06
3.499999940395355225e-01,-3.874999880790710449e-01,1.850000023841857910e-01,-5.862410034751519561e-06
3.499999940395355225e-01,-3.625000119209289551e-01,1.850000023841857910e-01,-8.380930012208409607e-06
3.499999940395355225e-01,-3.374999761581420898e-01,1.850000023841857910e-01,-1.158659961220109835e-05
3.499999940395355225e-01,-3.125000000000000000e-01,1.850000023841857910e-01,-1.664910087129101157e-05
3.499999940395355225e-01,-2.875000238418579102e-01,1.850000023841857910e-01,-2.220040005340706557e-05
3.499999940395355225e-01,-2.624999880790710449e-01,1.850000023841857910e-01,-3.376850145286880434e-05
3.499999940395355225e-01,-2.374994903802871704e-01,1.850000023841857910e-01,-4.270889985491521657e-05
3.499999940395355225e-01,-2.124989926815032959e-01,1.850000023841857910e-01,-7.464150257874280214e-05
3.499999940395355225e-01,-1.874989867210388184e-01,1.850000023841857910e-01,-8.869160228641703725e-05
3.499999940395355225e-01,-1.624989807605743408e-01,1.850000023841857910e-01,-1.848649990279227495e-04
3.499999940395355225e-01,-1.374987214803695679e-01,1.850000023841857910e-01,-2.416039933450520039e-04
3.499999940395355225e-01,-1.124984547495841980e-01,1.850000172853469849e-01,-4.842400085180997849e-04
3.499999940395355225e-01,-8.749839663505554199e-02,1.850002706050872803e-01,-1.089129946194589138e-03
3.499999940395355225e-01,-6.249847263097763062e-02,1.850007474422454834e-01,-1.060480019077658653e-03
3.499999940395355225e-01,-3.749874979257583618e-02,1.850010156631469727e-01,-3.682740032672882080e-03
3.499999940395355225e-01,-1.249919831752777100e-02,1.850010156631469727e-01,-2.229239977896213531e-02
3.499999940395355225e-01,1.250023860484361649e-02,1.850010156631469727e-01,-2.010940015316009521e-02
3.499999940395355225e-01,3.749968856573104858e-02,1.850010156631469727e-01,-3.484549932181835175e-03
3.499999940395355225e-01,6.249925494194030762e-02,1.850007623434066772e-01,-8.948019822128117085e-04
3.499999940395355225e-01,8.749900013208389282e-02,1.850002706050872803e-01,-9.465360199101269245e-04
3.499999940395355225e-01,1.124989464879035950e-01,1.850000172853469849e-01,-3.720220120158046484e-04
3.499999940395355225e-01,1.374989748001098633e-01,1.850000023841857910e-01,-1.953360042534768581e-04
3.499999940395355225e-01,1.624989807605743408e-01,1.850000023841857910e-01,-1.377610024064779282e-04
3.499999940395355225e-01,1.874989867210388184e-01,1.850000023841857910e-01,-6.746849976480007172e-05
3.499999940395355225e-01,2.124992460012435913e-01,1.850000023841857910e-01,-5.686279837391339242e-05
3.499999940395355225e-01,2.374997138977050781e-01,1.850000023841857910e-01,-3.286040009697899222e-05
3.499999940395355225e-01,2.624999880790710449e-01,1.850000023841857910e-01,-2.653529918461572379e-05
3.499999940395355225e-01,2.875000238418579102e-01,1.850000023841857910e-01,-1.763930049492046237e-05
3.499999940395355225e-01,3.125000000000000000e-01,1.850000023841857910e-01,-1.347750003333203495e-05
3.499999940395355225e-01,3.374999761581420898e-01,1.850000023841857910e-01,-9.486259841651190072e-06
3.499999940395355225e-01,3.625000119209289551e-01,1.850000023841857910e-01,-6.957679943297989666e-06
3.499999940395355225e-01,3.874999880790710449e-01,1.850000023841857910e-01,-4.917239948554197326e-06
3.499999940395355225e-01,4.125000238418579102e-01,1.850000023841857910e-01,-3.496360022836597636e-06
3.499999940395355225e-01,4.375000000000000000e-01,1.850000023841857910e-01,-2.481089950379100628e-06
3.499999940395355225e-01,4.625000059604644775e-01,1.850000023841857910e-01,-1.843619997998757754e-06
3.499999940395355225e-01,4.875000119209289551e-01,1.850000023841857910e-01,-1.533280055809882469e-06
3.499999940395355225e-01,-4.875000119209289551e-01,2.150000035762786865e-01,-1.610939989404869266e-06
3.499999940395355225e-01,-4.624999761581420898e-01,2.150000035762786865e-01,-1.907749947349657305e-06
3.499999940395355225e-01,-4.375000000000000000e-01,2.150000035762786865e-01,-2.517110033295466565e-06
3.499999940395355225e-01,-4.124999940395355225e-01,2.150000035762786865e-01,-3.483070031506940722e-06
3.499999940395355225e-01,-3.874999880790710449e-01,2.150000035762786865e-01,-4.834309947909787297e-06
3.499999940395355225e-01,-3.625000119209289551e-01,2.150000035762786865e-01,-6.752180070179747418e-06
3.499999940395355225e-01,-3.374999761581420898e-01,2.150000035762786865e-01,-9.133100320468656719e-06
3.499999940395355225e-01,-3.125000000000000000e-01,2.150000035762786865e-01,-1.273460020456695929e-05
3.499999940395355225e-01,-2.875000238418579102e-01,2.150000035762786865e-01,-1.656429958529770374e-05
3.499999940395355225e-01,-2.624999880790710449e-01,2.150000035762786865e-01,-2.376670090598054230e-05
3.499999940395355225e-01,-2.374997287988662720e-01,2.150000035762786865e-01,-2.918700010923203081e-05
3.499999940395355225e-01,-2.124992311000823975e-01,2.150000035762786865e-01,-4.457170143723487854e-05
3.499999940395355225e-01,-1.874990016222000122e-01,2.150000035762786865e-01,-5.171660086489282548e-05
3.499999940395355225e-01,-1.624989807605743408e-01,2.150000035762786865e-01,-8.165489998646080494e-05
3.499999940395355225e-01,-1.374989897012710571e-01,2.150000035762786865e-01,-1.090500009013339877e-04
3.499999940395355225e-01,-1.124988496303558350e-01,2.150000184774398804e-01,-1.320960000157356262e-04
3.499999940395355225e-01,-8.749872446060180664e-02,2.150005251169204712e-01,-3.818940022028982639e-04
3.499999940395355225e-01,-6.249882653355598450e-02,2.150010019540786743e-01,-3.458140126895159483e-04
3.499999940395355225e-01,-3.749905526638031006e-02,2.150010019540786743e-01,-1.778429956175386906e-03
3.499999940395355225e-01,-1.249939110130071640e-02,2.150010019540786743e-01,-2.809579949826002121e-03
3.499999940395355225e-01,1.250019855797290802e-02,2.150010019540786743e-01,-2.638630103319883347e-03
3.499999940395355225e-01,3.749976307153701782e-02,2.150010019540786743e-01,-1.453059958294034004e-03
3.499999940395355225e-01,6.249941140413284302e-02,2.150010019540786743e-01,-2.686879888642579317e-04
3.499999940395355225e-01,8.749923110008239746e-02,2.150005251169204712e-01,-2.938279940281063318e-04
3.499999940395355225e-01,1.124990805983543396e-01,2.150000184774398804e-01,-8.834950131131336093e-05
3.499999940395355225e-01,1.374989897012710571e-01,2.150000035762786865e-01,-8.276409789687022567e-05
3.499999940395355225e-01,1.624989956617355347e-01,2.150000035762786865e-01,-5.887110091862268746e-05
3.499999940395355225e-01,1.874992251396179199e-01,2.150000035762786865e-01,-3.936859866371378303e-05
3.499999940395355225e-01,2.124997228384017944e-01,2.150000035762786865e-01,-3.374860170879401267e-05
3.499999940395355225e-01,2.374999821186065674e-01,2.150000035762786865e-01,-2.257430060126353055e-05
3.499999940395355225e-01,2.624999880790710449e-01,2.150000035762786865e-01,-1.861750024545472115e-05
3.499999940395355225e-01,2.875000238418579102e-01,2.150000035762786865e-01,-1.315719964622985572e-05
3.499999940395355225e-01,3.125000000000000000e-01,2.150000035762786865e-01,-1.026940026349620894e-05
3.499999940395355225e-01,3.374999761581420898e-01,2.150000035762786865e-01,-7.462000212399289012e-06
3.499999940395355225e-01,3.625000119209289551e-01,2.150000035762786865e-01,-5.595530183200025931e-06
3.499999940395355225e-01,3.874999880790710449e-01,2.150000035762786865e-01,-4.056800207763444632e-06
3.499999940395355225e-01,4.125000238418579102e-01,2.150000035762786865e-01,-2.962729922728613019e-06
3.499999940395355225e-01,4.375000000000000000e-01,2.150000035762786865e-01,-2.170829930037143640e-06
3.499999940395355225e-01,4.625000059604644775e-01,2.150000035762786865e-01,-1.667739979893667623e-06
3.499999940395355225e-01,4.875000119209289551e-01,2.150000035762786865e-01,-1.421430056325334590e-06
3.499999940395355225e-01,-4.875000119209289551e-01,2.450000047683715820e-01,-1.521589979347481858e-06
3.499999940395355225e-01,-4.624999761581420898e-01,2.450000047683715820e-01,-1.753719971020473167e-06
3.499999940395355225e-01,-4.375000000000000000e-01,2.450000047683715820e-01,-2.227990080427844077e-06
3.499999940395355225e-01,-4.124999940395355225e-01,2.450000047683715820e-01,-2.969309889522264712e-06
3.499999940395355225e-01,-3.874999880790710449e-01,2.450000047683715820e-01,-3.989210199506487697e-06
3.499999940395355225e-01,-3.625000119209289551e-01,2.450000047683715820e-01,-5.399109795689582825e-06
3.499999940395355225e-01,-3.374999761581420898e-01,2.450000047683715820e-01,-7.121409907995257527e-06
3.499999940395355225e-01,-3.125000000000000000e-01,2.450000047683715820e-01,-9.580429832567460835e-06
3.499999940395355225e-01,-2.875000238418579102e-01,2.450000047683715820e-01,-1.225180039909901097e-05
3.499999940395355225e-01,-2.624999880790710449e-01,2.450000047683715820e-01,-1.668629920459352434e-05
3.499999940395355225e-01,-2.374999970197677612e-01,2.450000047683715820e-01,-2.077180033666081727e-05
3.499999940395355225e-01,-2.124997377395629883e-01,2.450000047683715820e-01,-2.902450069086626172e-05
3.499999940395355225e-01,-1.874992400407791138e-01,2.450000047683715820e-01,-3.667969940579496324e-05
3.499999940395355225e-01,-1.624989956617355347e-01,2.450000047683715820e-01,-4.891589924227446318e-05
3.499999940395355225e-01,-1.374990046024322510e-01,2.450000047683715820e-01,-7.171229663072153926e-05
3.499999940395355225e-01,-1.124990209937095642e-01,2.450000196695327759e-01,-6.713339826092123985e-05
3.499999940395355225e-01,-8.749903738498687744e-02,2.450002729892730713e-01,-1.369770034216344357e-04
3.499999940395355225e-01,-6.249911338090896606e-02,2.450007498264312744e-01,-6.209749699337407947e-05
3.499999940395355225e-01,-3.749928623437881470e-02,2.450009882450103760e-01,-1.177119993371888995e-04
3.499999940395355225e-01,-1.249955315142869949e-02,2.450009882450103760e-01,-7.401849725283682346e-04
3.499999940395355225e-01,1.250013988465070724e-02,2.450009882450103760e-01,-7.267949986271560192e-04
3.499999940395355225e-01,3.749981522560119629e-02,2.450009882450103760e-01,-8.584070019423961639e-05
3.499999940395355225e-01,6.249956041574478149e-02,2.450007498264312744e-01,-5.079300171928480268e-05
3.499999940395355225e-01,8.749943226575851440e-02,2.450002729892730713e-01,-1.014700028463266790e-04
3.499999940395355225e-01,1.124991923570632935e-01,2.450000196695327759e-01,-4.652039933716878295e-05
3.499999940395355225e-01,1.374990046024322510e-01,2.450000047683715820e-01,-5.342610165826044977e-05
3.499999940395355225e-01,1.624992489814758301e-01,2.450000047683715820e-01,-3.469640068942680955e-05
3.499999940395355225e-01,1.874997317790985107e-01,2.450000047683715820e-01,-2.721549935813527554e-05
3.499999940395355225e-01,2.124999612569808960e-01,2.450000047683715820e-01,-2.141269942512735724e-05
3.499999940395355225e-01,2.374999821186065674e-01,2.450000047683715820e-01,-1.573970075696706772e-05
3.499999940395355225e-01,2.624999880790710449e-01,2.450000047683715820e-01,-1.283050005440600216e-05
3.499999940395355225e-01,2.875000238418579102e-01,2.450000047683715820e-01,-9.607199899619445205e-06
3.499999940395355225e-01,3.125000000000000000e-01,2.450000047683715820e-01,-7.645980076631531119e-06
3.499999940395355225e-01,3.374999761581420898e-01,2.450000047683715820e-01,-5.777159913122886792e-06
3.499999940395355225e-01,3.625000119209289551e-01,2.450000047683715820e-01,-4.448490017239237204e-06
3.499999940395355225e-01,3.874999880790710449e-01,2.450000047683715820e-01,-3.333929953441838734e-06
3.499999940395355225e-01,4.125000238418579102e-01,2.450000047683715820e-01,-2.517539996915729716e-06
3.499999940395355225e-01,4.375000000000000000e-01,2.450000047683715820e-01,-1.915220082082669251e-06
3.499999940395355225e-01,4.625000059604644775e-01,2.450000047683715820e-01,-1.526880055280344095e-06
3.499999940395355225e-01,4.875000119209289551e-01,2.450000047683715820e-01,-1.335620027020922862e-06
3.499999940395355225e-01,-4.875000119209289551e-01,2.749999761581420898e-01,-1.437000037185498513e-06
3.499999940395355225e-01,-4.624999761581420898e-01,2.749999761581420898e-01,-1.616769964130071457e-06
3.499999940395355225e-01,-4.375000000000000000e-01,2.749999761581420898e-01,-1.979120042960857973e-06
3.499999940395355225e-01,-4.124999940395355225e-01,2.749999761581420898e-01,-2.541120011301245540e-06
3.499999940395355225e-01,-3.874999880790710449e-01,2.749999761581420898e-01,-3.302289997009211220e-06
3.499999940395355225e-01,-3.625000119209289551e-01,2.749999761581420898e-01,-4.321429969422752038e-06
3.499999940395355225e-01,-3.374999761581420898e-01,2.749999761581420898e-01,-5.550530204345704988e-06
3.499999940395355225e-01,-3.125000000000000000e-01,2.749999761581420898e-01,-7.180659849836956710e-06
3.499999940395355225e-01,-2.875000238418579102e-01,2.749999761581420898e-01,-8.943299690145067871e-06
3.499999940395355225e-01,-2.624999880790710449e-01,2.749999761581420898e-01,-1.143280042015248910e-05
3.499999940395355225e-01,-2.375000119209289551e-01,2.749999761581420898e-01,-1.382030040986137465e-05
3.499999940395355225e-01,-2.124999761581420898e-01,2.749999761581420898e-01,-1.728979987092316151e-05
3.499999940395355225e-01,-1.874997317790985107e-01,2.749999761581420898e-01,-2.121969919244293123e-05
3.499999940395355225e-01,-1.624994874000549316e-01,2.749999761581420898e-01,-2.431530083413235843e-05
3.499999940395355225e-01,-1.374992430210113525e-01,2.749999761581420898e-01,-3.596030001062899828e-05
3.499999940395355225e-01,-1.124991700053215027e-01,2.750000059604644775e-01,-3.347970050526782870e-05
3.499999940395355225e-01,-8.749933540821075439e-02,2.750000357627868652e-01,-7.150159945013001561e-05
3.499999940395355225e-01,-6.249936670064926147e-02,2.750002741813659668e-01,-6.611459684791043401e-05
3.499999940395355225e-01,-3.749949485063552856e-02,2.750007510185241699e-01,-1.013279979815706611e-04
3.499999940395355225e-01,-1.249970123171806335e-02,2.750009894371032715e-01,-1.278300042031332850e-04
3.499999940395355225e-01,1.250009424984455109e-02,2.750009894371032715e-01,-9.753960330272093415e-05
3.499999940395355225e-01,3.749987110495567322e-02,2.750007510185241699e-01,-7.225220178952440619e-05
3.499999940395355225e-01,6.249969080090522766e-02,2.750002741813659668e-01,-4.975610136170871556e-05
3.499999940395355225e-01,8.749958872795104980e-02,2.750000357627868652e-01,-5.253819836070761085e-05
3.499999940395355225e-01,1.124995052814483643e-01,2.750000059604644775e-01,-2.318390033906325698e-05
3.499999940395355225e-01,1.374994814395904541e-01,2.749999761581420898e-01,-2.628800029924605042e-05
3.499999940395355225e-01,1.624997258186340332e-01,2.749999761581420898e-01,-1.701409928500652313e-05
3.499999940395355225e-01,1.874999701976776123e-01,2.749999761581420898e-01,-1.565250022395048290e-05
3.499999940395355225e-01,2.125000059604644775e-01,2.749999761581420898e-01,-1.271469955099746585e-05
3.499999940395355225e-01,2.374999970197677612e-01,2.749999761581420898e-01,-1.048099966283189133e-05
3.499999940395355225e-01,2.624999880790710449e-01,2.749999761581420898e-01,-8.785589670878835022e-06
3.499999940395355225e-01,2.875000238418579102e-01,2.749999761581420898e-01,-7.013709819148061797e-06
3.499999940395355225e-01,3.125000000000000000e-01,2.749999761581420898e-01,-5.717909971281187609e-06
3.499999940395355225e-01,3.374999761581420898e-01,2.749999761581420898e-01,-4.489229922910453752e-06
3.499999940395355225e-01,3.625000119209289551e-01,2.749999761581420898e-01,-3.543540060491068289e-06
3.499999940395355225e-01,3.874999880790710449e-01,2.749999761581420898e-01,-2.741900061664637178e-06
3.499999940395355225e-01,4.125000238418579102e-01,2.749999761581420898e-01,-2.134919895979692228e-06
3.499999940395355225e-01,4.375000000000000000e-01,2.749999761581420898e-01,-1.681069988990202546e-06
3.499999940395355225e-01,4.625000059604644775e-01,2.749999761581420898e-01,-1.385919972562987823e-06
3.499999940395355225e-01,4.875000119209289551e-01,2.749999761581420898e-01,-1.238769982592202723e-06
3.499999940395355225e-01,-4.875000119209289551e-01,3.049999773502349854e-01,-1.329540054939570837e-06
3.499999940395355225e-01,-4.624999761581420898e-01,3.049999773502349854e-01,-1.464820002183842007e-06
3.499999940395355225e-01,-4.375000000000000000e-01,3.049999773502349854e-01,-1.736069975777354557e-06
3.499999940395355225e-01,-4.124999940395355225e-01,3.049999773502349854e-01,-2.152009983547031879e-06
3.499999940395355225e-01,-3.874999880790710449e-01,3.049999773502349854e-01,-2.709399950617807917e-06
3.499999940395355225e-01,-3.625000119209289551e-01,3.049999773502349854e-01,-3.435769940551836044e-06
3.499999940395355225e-01,-3.374999761581420898e-01,3.049999773502349854e-01,-4.303019977669464424e-06
3.499999940395355225e-01,-3.125000000000000000e-01,3.049999773502349854e-01,-5.393169885792303830e-06
3.499999940395355225e-01,-2.875000238418579102e-01,3.049999773502349854e-01,-6.594179922103649005e-06
3.499999940395355225e-01,-2.624999880790710449e-01,3.049999773502349854e-01,-8.104740118142217398e-06
3.499999940395355225e-01,-2.375000119209289551e-01,3.049999773502349854e-01,-9.709089681564364582e-06
3.499999940395355225e-01,-2.124999910593032837e-01,3.049999773502349854e-01,-1.148409955931128934e-05
3.499999940395355225e-01,-1.874999850988388062e-01,3.049999773502349854e-01,-1.390259967593010515e-05
3.499999940395355225e-01,-1.624999791383743286e-01,3.049999773502349854e-01,-1.458879978599725291e-05
3.499999940395355225e-01,-1.374997347593307495e-01,3.049999773502349854e-01,-1.919870010169688612e-05
3.499999940395355225e-01,-1.124995127320289612e-01,3.049999773502349854e-01,-1.463040007365634665e-05
3.499999940395355225e-01,-8.749953657388687134e-02,3.050000071525573730e-01,-2.211530045315157622e-05
3.499999940395355225e-01,-6.249956786632537842e-02,3.050000369548797607e-01,-1.360720034426776692e-05
3.499999940395355225e-01,-3.749966993927955627e-02,3.050002753734588623e-01,-1.603310010978020728e-05
3.499999940395355225e-01,-1.249981205910444260e-02,3.050005137920379639e-01,-4.093769894097931683e-05
3.499999940395355225e-01,1.250005979090929031e-02,3.050005137920379639e-01,-3.900309820892289281e-05
3.499999940395355225e-01,3.749991953372955322e-02,3.050002753734588623e-01,-1.351959963358240202e-05
3.499999940395355225e-01,6.249979138374328613e-02,3.050000369548797607e-01,-1.100020017474889755e-05
3.499999940395355225e-01,8.749969303607940674e-02,3.050000071525573730e-01,-1.550200067867990583e-05
3.499999940395355225e-01,1.124998107552528381e-01,3.049999773502349854e-01,-9.861179933068342507e-06
3.499999940395355225e-01,1.374999880790710449e-01,3.049999773502349854e-01,-1.371150028717238456e-05
3.499999940395355225e-01,1.624999940395355225e-01,3.049999773502349854e-01,-1.021780008159112185e-05
3.499999940395355225e-01,1.875000000000000000e-01,3.049999773502349854e-01,-1.018879993353039026e-05
3.499999940395355225e-01,2.125000059604644775e-01,3.049999773502349854e-01,-8.439829798589926213e-06
3.499999940395355225e-01,2.374999970197677612e-01,3.049999773502349854e-01,-7.337960141740040854e-06
3.499999940395355225e-01,2.624999880790710449e-01,3.049999773502349854e-01,-6.205690169736044481e-06
3.499999940395355225e-01,2.875000238418579102e-01,3.049999773502349854e-01,-5.145549948792904615e-06
3.499999940395355225e-01,3.125000000000000000e-01,3.049999773502349854e-01,-4.266959876986220479e-06
3.499999940395355225e-01,3.374999761581420898e-01,3.049999773502349854e-01,-3.451940074228332378e-06
3.499999940395355225e-01,3.625000119209289551e-01,3.049999773502349854e-01,-2.787460061881574802e-06
3.499999940395355225e-01,3.874999880790710449e-01,3.049999773502349854e-01,-2.219899897681898437e-06
3.499999940395355225e-01,4.125000238418579102e-01,3.049999773502349854e-01,-1.777460056473501027e-06
3.499999940395355225e-01,4.375000000000000000e-01,3.049999773502349854e-01,-1.443420046598475892e-06
3.499999940395355225e-01,4.625000059604644775e-01,3.049999773502349854e-01,-1.223849949383293279e-06
3.499999940395355225e-01,4.875000119209289551e-01,3.050000071525573730e-01,-1.113889993575867265e-06
3.499999940395355225e-01,-4.875000119209289551e-01,3.349999785423278809e-01,-1.194140054394665640e-06
3.499999940395355225e-01,-4.624999761581420898e-01,3.349999785423278809e-01,-1.293299987992213573e-06
3.499999940395355225e-01,-4.375000000000000000e-01,3.349999785423278809e-01,-1.492480009801511187e-06
3.499999940395355225e-01,-4.124999940395355225e-01,3.349999785423278809e-01,-1.792899979591311421e-06
3.499999940395355225e-01,-3.874999880790710449e-01,3.349999785423278809e-01,-2.190929990320000798e-06
3.499999940395355225e-01,-3.625000119209289551e-01,3.349999785423278809e-01,-2.694639988476410508e-06
3.499999940395355225e-01,-3.374999761581420898e-01,3.349999785423278809e-01,-3.286070068497792818e-06
3.499999940395355225e-01,-3.125000000000000000e-01,3.349999785423278809e-01,-3.988549906353000551e-06
3.499999940395355225e-01,-2.875000238418579102e-01,3.349999785423278809e-01,-4.751089818455511704e-06
3.499999940395355225e-01,-2.624999880790710449e-01,3.349999785423278809e-01,-5.612149834632873535e-06
3.499999940395355225e-01,-2.375000119209289551e-01,3.349999785423278809e-01,-6.536240107379853725e-06
3.499999940395355225e-01,-2.124999910593032837e-01,3.349999785423278809e-01,-7.384599939541658387e-06
3.499999940395355225e-01,-1.875000000000000000e-01,3.349999785423278809e-01,-8.676510333316400647e-06
3.499999940395355225e-01,-1.624999940395355225e-01,3.349999785423278809e-01,-9.007399967231322080e-06
3.499999940395355225e-01,-1.374999880790710449e-01,3.349999785423278809e-01,-1.154330038843909279e-05
3.499999940395355225e-01,-1.124998405575752258e-01,3.349999785423278809e-01,-1.063420040736673400e-05
3.499999940395355225e-01,-8.749970048666000366e-02,3.349999785423278809e-01,-1.506320040789432824e-05
3.499999940395355225e-01,-6.249972060322761536e-02,3.350000083446502686e-01,-1.367959976050769910e-05
3.499999940395355225e-01,-3.749979659914970398e-02,3.350000083446502686e-01,-1.434790010534925386e-05
3.499999940395355225e-01,-1.249988563358783722e-02,3.350000083446502686e-01,-1.461280044168233871e-05
3.499999940395355225e-01,1.250003650784492493e-02,3.350000083446502686e-01,-1.182190044346498325e-05
3.499999940395355225e-01,3.749994561076164246e-02,3.350000083446502686e-01,-1.118109958042623475e-05
3.499999940395355225e-01,6.249986961483955383e-02,3.349999785423278809e-01,-1.066700042429147288e-05
3.499999940395355225e-01,8.749979734420776367e-02,3.349999785423278809e-01,-1.133559999288991094e-05
3.499999940395355225e-01,1.124998703598976135e-01,3.349999785423278809e-01,-7.969169928401242942e-06
3.499999940395355225e-01,1.375000029802322388e-01,3.349999785423278809e-01,-8.648179573356173933e-06
3.499999940395355225e-01,1.624999940395355225e-01,3.349999785423278809e-01,-6.639570074185030535e-06
3.499999940395355225e-01,1.875000000000000000e-01,3.349999785423278809e-01,-6.515680070151574910e-06
3.499999940395355225e-01,2.125000059604644775e-01,3.349999785423278809e-01,-5.536559910979121923e-06
3.499999940395355225e-01,2.374999970197677612e-01,3.349999785423278809e-01,-4.987460215488681570e-06
3.499999940395355225e-01,2.624999880790710449e-01,3.349999785423278809e-01,-4.317119874031050131e-06
3.499999940395355225e-01,2.875000238418579102e-01,3.349999785423278809e-01,-3.704210030264221132e-06
3.499999940395355225e-01,3.125000000000000000e-01,3.349999785423278809e-01,-3.139650061712018214e-06
3.499999940395355225e-01,3.374999761581420898e-01,3.349999785423278809e-01,-2.611250010886578821e-06
3.499999940395355225e-01,3.625000119209289551e-01,3.349999785423278809e-01,-2.156439904865692370e-06
3.499999940395355225e-01,3.874999880790710449e-01,3.349999785423278809e-01,-1.762629949553229380e-06
3.499999940395355225e-01,4.125000238418579102e-01,3.349999785423278809e-01,-1.446710029995301738e-06
3.499999940395355225e-01,4.375000000000000000e-01,3.349999785423278809e-01,-1.205570015372359194e-06
3.499999940395355225e-01,4.625000059604644775e-01,3.349999785423278809e-01,-1.044830014507169835e-06
3.499999940395355225e-01,4.875000119209289551e-01,3.349999785423278809e-01,-9.642750455896020867e-07
3.499999940395355225e-01,-4.875000119209289551e-01,3.650000095367431641e-01,-1.040720007949857973e-06
3.499999940395355225e-01,-4.624999761581420898e-01,3.650000095367431641e-01,-1.111930032493546605e-06
3.499999940395355225e-01,-4.375000000000000000e-01,3.650000095367431641e-01,-1.254359972335805651e-06
3.499999940395355225e-01,-4.124999940395355225e-01,3.650000095367431641e-01,-1.467049969505751505e-06
3.499999940395355225e-01,-3.874999880790710449e-01,3.650000095367431641e-01,-1.744959945426671766e-06
3.499999940395355225e-01,-3.625000119209289551e-01,3.650000095367431641e-01,-2.087869916067575105e-06
3.499999940395355225e-01,-3.374999761581420898e-01,3.650000095367431641e-01,-2.483099933670018800e-06
3.499999940395355225e-01,-3.125000000000000000e-01,3.650000095367431641e-01,-2.933220002887537703e-06
3.499999940395355225e-01,-2.875000238418579102e-01,3.650000095367431641e-01,-3.413400008867029101e-06
3.499999940395355225e-01,-2.624999880790710449e-01,3.650000095367431641e-01,-3.916659807146061212e-06
3.499999940395355225e-01,-2.375000119209289551e-01,3.650000095367431641e-01,-4.447540050023235381e-06
3.499999940395355225e-01,-2.124999910593032837e-01,3.650000095367431641e-01,-4.866530161962145939e-06
3.499999940395355225e-01,-1.875000000000000000e-01,3.650000095367431641e-01,-5.476630121847847477e-06
3.499999940395355225e-01,-1.624999940395355225e-01,3.650000095367431641e-01,-5.493639946507755667e-06
3.499999940395355225e-01,-1.375000029802322388e-01,3.650000095367431641e-01,-6.335510079225059599e-06
3.499999940395355225e-01,-1.124998927116394043e-01,3.650000095367431641e-01,-5.591330136667238548e-06
3.499999940395355225e-01,-8.749982714653015137e-02,3.650000095367431641e-01,-6.636820216954220086e-06
3.499999940395355225e-01,-6.249984353780746460e-02,3.650000095367431641e-01,-5.977000000711996108e-06
3.499999940395355225e-01,-3.749987110495567322e-02,3.650000095367431641e-01,-6.415049938368611038e-06
3.499999940395355225e-01,-1.249992661178112030e-02,3.650000095367431641e-01,-7.832610208424739540e-06
3.499999940395355225e-01,1.250002160668373108e-02,3.650000095367431641e-01,-7.477350209228461608e-06
3.499999940395355225e-01,3.749994933605194092e-02,3.650000095367431641e-01,-6.129539997346000746e-06
3.499999940395355225e-01,6.249989941716194153e-02,3.650000095367431641e-01,-5.430979854281758890e-06
3.499999940395355225e-01,8.749987185001373291e-02,3.650000095367431641e-01,-5.468679773912299424e-06
3.499999940395355225e-01,1.124999225139617920e-01,3.650000095367431641e-01,-4.495670054893707857e-06
3.499999940395355225e-01,1.375000029802322388e-01,3.650000095367431641e-01,-4.911159976472845301e-06
3.499999940395355225e-01,1.624999940395355225e-01,3.650000095367431641e-01,-4.184959834674373269e-06
3.499999940395355225e-01,1.875000000000000000e-01,3.650000095367431641e-01,-4.175049980403855443e-06
3.499999940395355225e-01,2.125000059604644775e-01,3.650000095367431641e-01,-3.694560064104734920e-06
3.499999940395355225e-01,2.374999970197677612e-01,3.650000095367431641e-01,-3.404579956622910686e-06
3.499999940395355225e-01,2.624999880790710449e-01,3.650000095367431641e-01,-3.010240106959827244e-06
3.499999940395355225e-01,2.875000238418579102e-01,3.650000095367431641e-01,-2.643809921210049652e-06
3.499999940395355225e-01,3.125000000000000000e-01,3.650000095367431641e-01,-2.283650019307970069e-06
3.499999940395355225e-01,3.374999761581420898e-01,3.650000095367431641e-01,-1.941810069183702581e-06
3.499999940395355225e-01,3.625000119209289551e-01,3.650000095367431641e-01,-1.636100023461040109e-06
3.499999940395355225e-01,3.874999880790710449e-01,3.650000095367431641e-01,-1.367009986097400542e-06
3.499999940395355225e-01,4.125000238418579102e-01,3.650000095367431641e-01,-1.146270051322062500e-06
3.499999940395355225e-01,4.375000000000000000e-01,3.650000095367431641e-01,-9.756620329426368698e-07
3.499999940395355225e-01,4.625000059604644775e-01,3.650000095367431641e-01,-8.605960033492010552e-07
3.499999940395355225e-01,4.875000119209289551e-01,3.650000095367431641e-01,-8.028389970604621340e-07
3.499999940395355225e-01,-4.875000119209289551e-01,3.950000107288360596e-01,-8.872449939190119039e-07
3.499999940395355225e-01,-4.624999761581420898e-01,3.950000107288360596e-01,-9.370700126964948140e-07
3.499999940395355225e-01,-4.375000000000000000e-01,3.950000107288360596e-01,-1.036579988067387603e-06
3.499999940395355225e-01,-4.124999940395355225e-01,3.950000107288360596e-01,-1.183239987767592538e-06
3.499999940395355225e-01,-3.874999880790710449e-01,3.950000107288360596e-01,-1.371369990010862239e-06
3.499999940395355225e-01,-3.625000119209289551e-01,3.950000107288360596e-01,-1.597349978510465007e-06
3.499999940395355225e-01,-3.374999761581420898e-01,3.950000107288360596e-01,-1.850540002124034800e-06
3.499999940395355225e-01,-3.125000000000000000e-01,3.950000107288360596e-01,-2.125640094163827598e-06
3.499999940395355225e-01,-2.875000238418579102e-01,3.950000107288360596e-01,-2.407799911452457309e-06
3.499999940395355225e-01,-2.624999880790710449e-01,3.950000107288360596e-01,-2.684349965420551598e-06
3.499999940395355225e-01,-2.375000119209289551e-01,3.950000107288360596e-01,-2.963030055980198085e-06
3.499999940395355225e-01,-2.124999910593032837e-01,3.950000107288360596e-01,-3.170109948769095354e-06
3.499999940395355225e-01,-1.875000000000000000e-01,3.950000107288360596e-01,-3.464310111667145975e-06
3.499999940395355225e-01,-1.624999940395355225e-01,3.950000107288360596e-01,-3.517129925967310555e-06
3.499999940395355225e-01,-1.375000029802322388e-01,3.950000107288360596e-01,-3.939579983125440776e-06
3.499999940395355225e-01,-1.124999225139617920e-01,3.950000107288360596e-01,-3.823080078291241080e-06
3.499999940395355225e-01,-8.749987930059432983e-02,3.950000107288360596e-01,-4.368060217530000955e-06
3.499999940395355225e-01,-6.249989569187164307e-02,3.950000107288360596e-01,-4.299619831726886332e-06
3.499999940395355225e-01,-3.749992325901985168e-02,3.950000107288360596e-01,-4.414150225784396753e-06
3.499999940395355225e-01,-1.249996107071638107e-02,3.950000107288360596e-01,-4.539209840004332364e-06
3.499999940395355225e-01,1.250001322478055954e-02,3.950000107288360596e-01,-4.324970177549403161e-06
3.499999940395355225e-01,3.749997168779373169e-02,3.950000107288360596e-01,-4.164409801887813956e-06
3.499999940395355225e-01,6.249992549419403076e-02,3.950000107288360596e-01,-3.967520115111256018e-06
3.499999940395355225e-01,8.749990165233612061e-02,3.950000107288360596e-01,-3.841219950118102133e-06
3.499999940395355225e-01,1.124999523162841797e-01,3.950000107288360596e-01,-3.318059953016927466e-06
3.499999940395355225e-01,1.375000029802322388e-01,3.950000107288360596e-01,-3.264030056016054004e-06
3.499999940395355225e-01,1.624999940395355225e-01,3.950000107288360596e-01,-2.843780066541512497e-06
3.499999940395355225e-01,1.875000000000000000e-01,3.950000107288360596e-01,-2.738270040936185978e-06
3.499999940395355225e-01,2.125000059604644775e-01,3.950000107288360596e-01,-2.466500063746934757e-06
3.499999940395355225e-01,2.374999970197677612e-01,3.950000107288360596e-01,-2.289619942530407570e-06
3.499999940395355225e-01,2.624999880790710449e-01,3.950000107288360596e-01,-2.063839929178357124e-06
3.499999940395355225e-01,2.875000238418579102e-01,3.950000107288360596e-01,-1.848699980655510444e-06
3.499999940395355225e-01,3.125000000000000000e-01,3.950000107288360596e-01,-1.629289954507839866e-06
3.499999940395355225e-01,3.374999761581420898e-01,3.950000107288360596e-01,-1.415319957231986336e-06
3.499999940395355225e-01,3.625000119209289551e-01,3.950000107288360596e-01,-1.216539999404631089e-06
3.499999940395355225e-01,3.874999880790710449e-01,3.950000107288360596e-01,-1.037480046761629637e-06
3.499999940395355225e-01,4.125000238418579102e-01,3.950000107288360596e-01,-8.870219971868209541e-07
3.499999940395355225e-01,4.375000000000000000e-01,3.950000107288360596e-01,-7.688789764870307408e-07
3.499999940395355225e-01,4.625000059604644775e-01,3.950000107288360596e-01,-6.882140155539673287e-07
3.499999940395355225e-01,4.875000119209289551e-01,3.949999809265136719e-01,-6.476569751612260006e-07
3.499999940395355225e-01,-4.875000119209289551e-01,4.249999821186065674e-01,-7.528170158366265241e-07
3.499999940395355225e-01,-4.624999761581420898e-01,4.249999821186065674e-01,-7.873589993323548697e-07
3.499999940395355225e-01,-4.375000000000000000e-01,4.249999821186065674e-01,-8.563940241401724052e-07
3.499999940395355225e-01,-4.124999940395355225e-01,4.249999821186065674e-01,-9.564770380166010000e-07
3.499999940395355225e-01,-3.874999880790710449e-01,4.249999821186065674e-01,-1.082109974959166721e-06
3.499999940395355225e-01,-3.625000119209289551e-01,4.249999821186065674e-01,-1.228140035891556181e-06
3.499999940395355225e-01,-3.374999761581420898e-01,4.249999821186065674e-01,-1.385280029353452846e-06
3.499999940395355225e-01,-3.125000000000000000e-01,4.249999821186065674e-01,-1.546800035612250213e-06
3.499999940395355225e-01,-2.875000238418579102e-01,4.249999821186065674e-01,-1.701309997770295013e-06
3.499999940395355225e-01,-2.624999880790710449e-01,4.249999821186065674e-01,-1.838979983403987717e-06
3.499999940395355225e-01,-2.375000119209289551e-01,4.249999821186065674e-01,-1.961360112545662560e-06
3.499999940395355225e-01,-2.124999910593032837e-01,4.249999821186065674e-01,-2.035819989032461308e-06
3.499999940395355225e-01,-1.875000000000000000e-01,4.249999821186065674e-01,-2.132469944626791403e-06
3.499999940395355225e-01,-1.624999940395355225e-01,4.249999821186065674e-01,-2.127550033037550747e-06
3.499999940395355225e-01,-1.375000029802322388e-01,4.249999821186065674e-01,-2.267430090796551667e-06
3.499999940395355225e-01,-1.124999523162841797e-01,4.249999821186065674e-01,-2.248850023534032516e-06
3.499999940395355225e-01,-8.749990165233612061e-02,4.249999821186065674e-01,-2.498780077075934969e-06
3.499999940395355225e-01,-6.249992549419403076e-02,4.249999821186065674e-01,-2.653960109455510974e-06
3.499999940395355225e-01,-3.749997168779373169e-02,4.249999821186065674e-01,-2.905150040533044375e-06
3.499999940395355225e-01,-1.249999180436134338e-02,4.249999821186065674e-01,-3.199560069333529100e-06
3.499999940395355225e-01,1.250000763684511185e-02,4.249999821186065674e-01,-3.217910034436499700e-06
3.499999940395355225e-01,3.750000149011611938e-02,4.249999821186065674e-01,-3.010959972016280517e-06
3.499999940395355225e-01,6.249997392296791077e-02,4.249999821186065674e-01,-2.759119979600654915e-06
3.499999940395355225e-01,8.749992400407791138e-02,4.249999821186065674e-01,-2.493090050847968087e-06
3.499999940395355225e-01,1.124999523162841797e-01,4.249999821186065674e-01,-2.179049943151767366e-06
3.499999940395355225e-01,1.375000029802322388e-01,4.249999821186065674e-01,-2.044100028797402047e-06
3.499999940395355225e-01,1.624999940395355225e-01,4.249999821186065674e-01,-1.830009978220914491e-06
3.499999940395355225e-01,1.875000000000000000e-01,4.249999821186065674e-01,-1.746099997035344131e-06
3.499999940395355225e-01,2.125000059604644775e-01,4.249999821186065674e-01,-1.613689960322517436e-06
3.499999940395355225e-01,2.374999970197677612e-01,4.249999821186065674e-01,-1.519239958724938333e-06
3.499999940395355225e-01,2.624999880790710449e-01,4.249999821186065674e-01,-1.402460043209430296e-06
3.499999940395355225e-01,2.875000238418579102e-01,4.249999821186065674e-01,-1.283539972973812837e-06
3.499999940395355225e-01,3.125000000000000000e-01,4.249999821186065674e-01,-1.156700022875156719e-06
3.499999940395355225e-01,3.374999761581420898e-01,4.249999821186065674e-01,-1.026470044962479733e-06
3.499999940395355225e-01,3.625000119209289551e-01,4.249999821186065674e-01,-9.003589980238757562e-07
3.499999940395355225e-01,3.874999880790710449e-01,4.249999821186065674e-01,-7.828759862604783848e-07
3.499999940395355225e-01,4.125000238418579102e-01,4.249999821186065674e-01,-6.813049822085304186e-07
3.499999940395355225e-01,4.375000000000000000e-01,4.249999821186065674e-01,-5.999839913783944212e-07
3.499999940395355225e-01,4.625000059604644775e-01,4.249999821186065674e-01,-5.437220238491136115e-07
3.499999940395355225e-01,4.875000119209289551e-01,4.250000119209289551e-01,-5.154549853614298627e-07
3.499999940395355225e-01,-4.875000119209289551e-01,4.549999833106994629e-01,-6.535669854201842099e-07
3.499999940395355225e-01,-4.624999761581420898e-01,4.549999833106994629e-01,-6.781530146326986142e-07
3.499999940395355225e-01,-4.375000000000000000e-01,4.549999833106994629e-01,-7.275160101016808767e-07
3.499999940395355225e-01,-4.124999940395355225e-01,4.549999833106994629e-01,-7.978359803928469773e-07
3.499999940395355225e-01,-3.874999880790710449e-01,4.549999833106994629e-01,-8.834959999148850329e-07
3.499999940395355225e-01,-3.625000119209289551e-01,4.549999833106994629e-01,-9.791840511752525344e-07
3.499999940395355225e-01,-3.374999761581420898e-01,4.549999833106994629e-01,-1.076340026884281542e-06
3.499999940395355225e-01,-3.125000000000000000e-01,4.549999833106994629e-01,-1.168530047834792640e-06
3.499999940395355225e-01,-2.875000238418579102e-01,4.549999833106994629e-01,-1.246399961019051261e-06
3.499999940395355225e-01,-2.624999880790710449e-01,4.549999833106994629e-01,-1.304200054619286675e-06
3.499999940395355225e-01,-2.375000119209289551e-01,4.549999833106994629e-01,-1.340839958174910862e-06
3.499999940395355225e-01,-2.124999910593032837e-01,4.549999833106994629e-01,-1.347989950772898737e-06
3.499999940395355225e-01,-1.875000000000000000e-01,4.549999833106994629e-01,-1.357039991489727981e-06
3.499999940395355225e-01,-1.624999940395355225e-01,4.549999833106994629e-01,-1.337539970336365514e-06
3.499999940395355225e-01,-1.375000029802322388e-01,4.549999833106994629e-01,-1.385800032949191518e-06
3.499999940395355225e-01,-1.124999746680259705e-01,4.549999833106994629e-01,-1.420229978066345211e-06
3.499999940395355225e-01,-8.749994635581970215e-02,4.549999833106994629e-01,-1.571150050949654542e-06
3.499999940395355225e-01,-6.249997392296791077e-02,4.549999833106994629e-01,-1.734970055622397922e-06
3.499999940395355225e-01,-3.750000149011611938e-02,4.549999833106994629e-01,-1.917079998747794889e-06
3.499999940395355225e-01,-1.249999646097421646e-02,4.549999833106994629e-01,-2.094109959216439165e-06
3.499999940395355225e-01,1.250000484287738800e-02,4.549999833106994629e-01,-2.145769940398167819e-06
3.499999940395355225e-01,3.750000149011611938e-02,4.549999833106994629e-01,-2.066429942715330981e-06
3.499999940395355225e-01,6.250000000000000000e-02,4.549999833106994629e-01,-1.931309952851734124e-06
3.499999940395355225e-01,8.749997615814208984e-02,4.549999833106994629e-01,-1.728109964460600168e-06
3.499999940395355225e-01,1.124999746680259705e-01,4.549999833106994629e-01,-1.525099946775299031e-06
3.499999940395355225e-01,1.375000029802322388e-01,4.549999833106994629e-01,-1.376229988636623602e-06
3.499999940395355225e-01,1.624999940395355225e-01,4.549999833106994629e-01,-1.239880020875716582e-06
3.499999940395355225e-01,1.875000000000000000e-01,4.549999833106994629e-01,-1.163910042123461608e-06
3.499999940395355225e-01,2.125000059604644775e-01,4.549999833106994629e-01,-1.093180003408633638e-06
3.499999940395355225e-01,2.374999970197677612e-01,4.549999833106994629e-01,-1.040839947563654277e-06
3.499999940395355225e-01,2.624999880790710449e-01,4.549999833106994629e-01,-9.833020158112049103e-07
3.499999940395355225e-01,2.875000238418579102e-01,4.549999833106994629e-01,-9.195180155074922368e-07
3.499999940395355225e-01,3.125000000000000000e-01,4.549999833106994629e-01,-8.477639994453056715e-07
3.499999940395355225e-01,3.374999761581420898e-01,4.549999833106994629e-01,-7.685420087000238709e-07
3.499999940395355225e-01,3.625000119209289551e-01,4.549999833106994629e-01,-6.876470024508307688e-07
3.499999940395355225e-01,3.874999880790710449e-01,4.549999833106994629e-01,-6.088450277275114786e-07
3.499999940395355225e-01,4.125000238418579102e-01,4.549999833106994629e-01,-5.384740120462083723e-07
3.499999940395355225e-01,4.375000000000000000e-01,4.549999833106994629e-01,-4.806599918083520606e-07
3.499999940395355225e-01,4.625000059604644775e-01,4.549999833106994629e-01,-4.400409920890524518e-07
3.499999940395355225e-01,4.875000119209289551e-01,4.549999833106994629e-01,-4.197179919174232055e-07
3.499999940395355225e-01,-4.875000119209289551e-01,4.850000143051147461e-01,-5.996229788252094295e-07
3.499999940395355225e-01,-4.624999761581420898e-01,4.850000143051147461e-01,-6.195920150275924243e-07
3.499999940395355225e-01,-4.375000000000000000e-01,4.850000143051147461e-01,-6.592239856217929628e-07
3.499999940395355225e-01,-4.124999940395355225e-01,4.850000143051147461e-01,-7.150450187509704847e-07
3.499999940395355225e-01,-3.874999880790710449e-01,4.850000143051147461e-01,-7.813670208633993752e-07
3.499999940395355225e-01,-3.625000119209289551e-01,4.850000143051147461e-01,-8.528959938303160015e-07
3.499999940395355225e-01,-3.374999761581420898e-01,4.850000143051147461e-01,-9.214080023411952425e-07
3.499999940395355225e-01,-3.125000000000000000e-01,4.850000143051147461e-01,-9.807299647945910692e-07
3.499999940395355225e-01,-2.875000238418579102e-01,4.850000143051147461e-01,-1.022300011754850857e-06
3.499999940395355225e-01,-2.624999880790710449e-01,4.850000143051147461e-01,-1.042500002768065315e-06
3.499999940395355225e-01,-2.375000119209289551e-01,4.850000143051147461e-01,-1.038740037984098308e-06
3.499999940395355225e-01,-2.124999910593032837e-01,4.850000143051147461e-01,-1.012189954963105265e-06
3.499999940395355225e-01,-1.875000000000000000e-01,4.850000143051147461e-01,-9.799159670365042984e-07
3.499999940395355225e-01,-1.624999940395355225e-01,4.850000143051147461e-01,-9.440950066164077725e-07
3.499999940395355225e-01,-1.375000029802322388e-01,4.850000143051147461e-01,-9.522980235487921163e-07
3.499999940395355225e-01,-1.124999970197677612e-01,4.850000143051147461e-01,-9.962229796656174585e-07
3.499999940395355225e-01,-8.750000596046447754e-02,4.850000143051147461e-01,-1.122329990721482318e-06
3.499999940395355225e-01,-6.250000000000000000e-02,4.850000143051147461e-01,-1.307579964304750320e-06
3.499999940395355225e-01,-3.750000149011611938e-02,4.850000143051147461e-01,-1.507840011072403286e-06
3.499999940395355225e-01,-1.249999739229679108e-02,4.850000143051147461e-01,-1.695599962658889126e-06
3.499999940395355225e-01,1.250000298023223877e-02,4.850000143051147461e-01,-1.770240032783476636e-06
3.499999940395355225e-01,3.750000149011611938e-02,4.850000143051147461e-01,-1.702829990790633019e-06
3.499999940395355225e-01,6.250000000000000000e-02,4.850000143051147461e-01,-1.571989969306741841e-06
3.499999940395355225e-01,8.749999850988388062e-02,4.850000143051147461e-01,-1.369720052935008425e-06
3.499999940395355225e-01,1.124999970197677612e-01,4.850000143051147461e-01,-1.192149966300348751e-06
3.499999940395355225e-01,1.375000029802322388e-01,4.850000143051147461e-01,-1.043419956658908632e-06
3.499999940395355225e-01,1.624999940395355225e-01,4.850000143051147461e-01,-9.391509934175701346e-07
3.499999940395355225e-01,1.875000000000000000e-01,4.850000143051147461e-01,-8.752110147725034039e-07
3.499999940395355225e-01,2.125000059604644775e-01,4.850000143051147461e-01,-8.345260198439063970e-07
3.499999940395355225e-01,2.374999970197677612e-01,4.850000143051147461e-01,-8.051659960983670317e-07
3.499999940395355225e-01,2.624999880790710449e-01,4.850000143051147461e-01,-7.762470204397686757e-07
3.499999940395355225e-01,2.875000238418579102e-01,4.850000143051147461e-01,-7.391780059151642490e-07
3.499999940395355225e-01,3.125000000000000000e-01,4.850000143051147461e-01,-6.938860224181553349e-07
3.499999940395355225e-01,3.374999761581420898e-01,4.850000143051147461e-01,-6.390699809344368987e-07
3.499999940395355225e-01,3.625000119209289551e-01,4.850000143051147461e-01,-5.798970050818752497e-07
3.499999940395355225e-01,3.874999880790710449e-01,4.850000143051147461e-01,-5.196629899728577584e-07
3.499999940395355225e-01,4.125000238418579102e-01,4.850000143051147461e-01,-4.643669910819880897e-07
3.499999940395355225e-01,4.375000000000000000e-01,4.850000143051147461e-01,-4.179910035873035667e-07
3.499999940395355225e-01,4.625000059604644775e-01,4.850000143051147461e-01,-3.850809946470690193e-07
3.499999940395355225e-01,4.875000119209289551e-01,4.850000143051147461e-01,-3.684430112116388045e-07
