sweep_deg,aspect_ratio,taper_ratio,pred_Cd,pred_lsb_mean,extrapolated
15.00000000015386,1.5000000000009568,0.4000000000003282,0.009146136914850445,0.6881521015189725,True
16.16565496058686,1.5000000005875564,0.40000000189080853,0.009218854807976129,0.6881014550712706,True
18.960657888150294,1.5000000055776588,0.40000000000914565,0.009392900762856371,0.6873544593525308,True
15.000000374748714,1.5000000000330267,0.4295111031052761,0.009485778660052624,0.6770123756196585,True
16.16886762932165,1.5000000097591113,0.42951202786796894,0.009558194850646018,0.6769617291719566,True
15.000000184500141,1.50000000164863,0.44300164186910473,0.009640234427124916,0.6639522781621314,True
16.16592734754666,1.5000001200958712,0.44300449601443115,0.009712124138681055,0.6639016317144295,True
18.96156786447729,1.500000072342167,0.44300220128762646,0.009884291835403403,0.6631546359956897,True
18.96147761358211,1.5500389411832336,0.443012357407603,0.010239824209256732,0.6631476662328801,False
15.000425415503734,1.6200186807679535,0.4430225235887043,0.010486083128735224,0.6604378683291613,True
16.166760079405133,1.6201375320778686,0.4430940883940293,0.010561560810996795,0.6603872218814594,False
18.961568089226773,1.6200124065813828,0.44300530546421435,0.01073613866724088,0.6596402261627196,False
