x_over_c,Cp,Cp_smooth
-1.984834012639970224e-02,2.166785903218491072e+00,5.148435324372399036e-01
-1.520632623751083656e-02,1.566937944858262100e+00,5.820799668491853929e-01
-1.389174290417751791e-02,1.368991047874567268e+00,7.968779625049910997e-01
-9.295701237510846024e-03,-3.281769129273970353e-01,9.408325645585817743e-01
-8.241117904177516773e-03,3.738973413484754649e-01,8.910674390431647662e-01
-7.785701237510850303e-03,6.723643441194553372e-01,8.710647858769559049e-01
-7.720006793066405693e-03,2.147979956558055736e+00,6.453597618200401786e-01
-3.053617904177503058e-03,1.439546020535907855e+00,6.967829622893018104e-01
8.905487624891300072e-04,-4.976512551541711904e-01,5.320134866605372714e-01
1.349923762489155851e-03,-2.000265316620879197e-01,5.972791347266499518e-01
1.490965429155801519e-03,-9.026433735066657915e-02,7.133664002714414920e-01
1.878326540266910677e-03,2.081169949550877973e+00,7.842760405585132988e-01
2.420965429155829546e-03,-2.787037084130768450e-01,5.157417235576295944e-01
3.091590429155829760e-03,3.244795677337295459e-01,3.246204884028098259e-01
6.489090429155804085e-03,1.534769996796391478e+00,3.356978804921179615e-01
7.645132095822465210e-03,1.381460746990173405e+00,3.109411338348686549e-01
1.104013209582248300e-02,-5.373632134507816405e-01,2.973177509557658471e-01
1.134117376248913386e-02,-4.716663310122901076e-01,4.550193405574073230e-02
1.186784042915579526e-02,-3.868773342610897781e-01,3.057026884962418256e-01
1.249034042915582801e-02,-4.475939982345807922e-01,2.955586986768376501e-01
1.260825709582253165e-02,-2.264981661416941294e-01,1.989011802086657343e-01
1.315159042915581798e-02,-4.369882194493739380e-01,2.447961624252659174e-01
1.397610431804468915e-02,2.323303835991934019e+00,4.396245079857588611e-01
1.399638209582249049e-02,2.230396695396880125e-01,4.316794123801160898e-01
1.437284042915577820e-02,5.681948121146719322e-01,4.062769633414848314e-01
1.860575709582250326e-02,1.840410569156175624e+00,4.091993885248922935e-01
1.984221542915583225e-02,1.410920242154147797e+00,3.761498187651587388e-01
2.268846542915579911e-02,-5.511172870687179870e-01,3.863307174518404441e-01
2.287963209582245805e-02,-6.409018246474027514e-01,1.320374548012500926e-01
2.306909042915581548e-02,-4.183697464005068922e-01,5.084614876127879074e-02
2.357825709582243509e-02,-5.569938637390289271e-01,-5.787682884755532969e-02
2.390242376248917153e-02,-3.351792325825574403e-01,-2.979606733198040813e-01
2.398888209582244677e-02,-2.196287905139679142e-01,-4.198655695051153880e-01
2.414054876248919457e-02,-5.888733908600255473e-01,-1.470847048075798469e-01
2.481138209582250606e-02,-5.190349639736692167e-01,-2.937245765559443750e-02
2.536596542915582619e-02,-5.604278755663119060e-01,-3.965980169576747982e-02
2.579929876248918813e-02,1.918712803010342027e-01,-3.341909358760292853e-02
2.607999320693362919e-02,2.176691359906637757e+00,-4.369061954179987578e-02
2.619138209582252269e-02,5.362206468724510788e-01,-8.482151873596718850e-02
3.382950709582242810e-02,-5.212431868022369130e-01,-8.191702972982035924e-02
3.406450709582248271e-02,-4.945867826573832060e-01,-5.844353093060102033e-02
3.452825709582246078e-02,-4.378944921245269128e-01,-1.823697578616339035e-02
3.453813209582246718e-02,-6.309377824556409164e-01,-9.448042058543858202e-02
3.514179876248919171e-02,-5.598285007985577266e-01,-3.484822428884298273e-01
3.555575709582245447e-02,-2.842999759814757166e-01,-4.577270821371581255e-01
3.563763209582249819e-02,-1.583623241219354882e-01,-4.617501036046324780e-01
3.580763209582252943e-02,-5.705631676917177764e-01,-4.697434195863277040e-01
3.650450709582250125e-02,-3.633268631232745571e-01,-4.824226294760156630e-01
3.654979876248915655e-02,-5.562277456148320143e-01,-4.812711990011196428e-01
3.671659042915580845e-02,-5.614734014769806603e-01,-4.753468526124763893e-01
3.692304876248912043e-02,-5.745199424743351324e-01,-4.883075433141487731e-01
4.545367376248913432e-02,-5.646865910214068363e-01,-5.296673315643629643e-01
4.572629876248915370e-02,-6.194234777066804920e-01,-5.180606419827786802e-01
4.581659042915582625e-02,-5.005850369121255250e-01,-5.374980953064123490e-01
4.627388209582246337e-02,-4.139068829981993880e-01,-5.361055629512543330e-01
4.655034042915582454e-02,-5.719602066240769833e-01,-5.392741373813890737e-01
4.673804876248917328e-02,-4.544962718758754350e-01,-5.381330720340555818e-01
4.676450709582245790e-02,-5.577013963596109125e-01,-5.371114309825529842e-01
4.677159042915576825e-02,-5.423024220632516323e-01,-5.331983699987868919e-01
4.696159042915579174e-02,-5.931591457783275123e-01,-5.332817416770082586e-01
4.736721542915577760e-02,-5.631092890010013230e-01,-5.477305943020472911e-01
4.811825709582247257e-02,-5.544701805063800837e-01,-5.570686729205682752e-01
4.816363209582252836e-02,-5.802928678690194575e-01,-5.702535658379982442e-01
5.673846542915579605e-02,-5.014187536943398582e-01,-5.724491702504027613e-01
5.711721542915581401e-02,-5.583954092485893250e-01,-5.792293156495459394e-01
5.737729876248917615e-02,-6.653409928092864911e-01,-5.740535117340151983e-01
5.766575709582252851e-02,-5.863452010501756240e-01,-5.737240809406104480e-01
5.771846542915581163e-02,-5.796574404836560834e-01,-5.751350902622932582e-01
5.781929876248915329e-02,-6.101038760546841910e-01,-5.780143424361136040e-01
5.802221542915581703e-02,-5.414011066230197677e-01,-5.863190629024088718e-01
5.807742376248917898e-02,-5.598149810669542648e-01,-5.885543251941836029e-01
5.866742376248920005e-02,-5.685802737232079629e-01,-5.823987913951208517e-01
5.939579876248918949e-02,-6.090853896072223606e-01,-5.829436365787410423e-01
5.957575709582246110e-02,-5.844659583572924255e-01,-5.849851160508658943e-01
5.977992376248915385e-02,-5.807480321663364142e-01,-5.827832024303797320e-01
6.869679876248917239e-02,-6.037856548186597561e-01,-5.872510230676084575e-01
6.900929876248913797e-02,-5.917936528863764201e-01,-5.924317842180605309e-01
6.903429876248916297e-02,-6.000722352049049357e-01,-5.915530016638346211e-01
6.906867376248916612e-02,-5.880847398498227907e-01,-5.869463784488102576e-01
6.911846542915582592e-02,-5.860793129953072444e-01,-5.825497617313597498e-01
6.921679876248915120e-02,-6.116225925714747769e-01,-5.840932644227566639e-01
6.941221542915583520e-02,-5.597924481809485320e-01,-5.880946543196654552e-01
6.962304876248914809e-02,-5.630191574569781698e-01,-5.851063429775771318e-01
6.963179876248917766e-02,-5.404997911827881252e-01,-5.856615532887597952e-01
7.022888209582250907e-02,-5.961830590803050001e-01,-5.851536620381893039e-01
7.072329876248914515e-02,-6.437995537877477803e-01,-5.872167730808798281e-01
7.099596542915580233e-02,-5.619105394654930752e-01,-5.858981485918206555e-01
8.038804876248911713e-02,-6.056243383167324579e-01,-5.897098115885606173e-01
8.041075709582252984e-02,-5.830058273441169892e-01,-5.900122029187584438e-01
8.043325709582253846e-02,-6.067104234222117087e-01,-5.951474476394787994e-01
8.045784042915582468e-02,-5.984363476808843840e-01,-5.977189005904599561e-01
8.048909042915579348e-02,-5.979090781483487049e-01,-5.887512626178742492e-01
8.053054876248910698e-02,-5.660430707589556576e-01,-5.872384046514452782e-01
8.057950709582246962e-02,-5.918522383899914585e-01,-5.854488428448652027e-01
8.067784042915579490e-02,-6.218975885901165679e-01,-5.879901017285985576e-01
8.088075709582245865e-02,-5.541231740618908219e-01,-5.861288853445200120e-01
8.094950709582246495e-02,-5.467819598012033655e-01,-5.846372082909363499e-01
8.159346542915581202e-02,-5.877287202509312580e-01,-5.852149514881248571e-01
8.234513209582251803e-02,-6.084184161814508718e-01,-5.871419638993403689e-01
9.176992376248913064e-02,-5.880982595814262526e-01,-5.865691779370730830e-01
9.179221542915580456e-02,-5.835195771450489843e-01,-5.835182251718887825e-01
9.181471542915586870e-02,-6.036865101202342210e-01,-5.896120188632955061e-01
9.183679876248913854e-02,-5.853131948711102206e-01,-5.931397674963625466e-01
9.185804876248911122e-02,-5.861243787673187100e-01,-5.927702281658675521e-01
9.187888209582247001e-02,-5.913880609382722309e-01,-5.924128565938157065e-01
9.190138209582247864e-02,-6.150611109759588357e-01,-5.927594123805848270e-01
9.193179876248909477e-02,-5.820594461318736590e-01,-5.887733448461599517e-01
9.197596542915575935e-02,-5.840333269459810905e-01,-5.856804809130046197e-01
9.207367376248913604e-02,-6.048447004609319722e-01,-5.856926486714477686e-01
9.227367376248915565e-02,-5.915638174491173462e-01,-5.869499837105710549e-01
9.232804876248916492e-02,-5.436589018008003427e-01,-5.855137375565618862e-01
1.031592987624891239e-01,-5.727578707886820109e-01,-5.831933009556852232e-01
1.031780487624891912e-01,-5.854348724555414885e-01,-5.846588398615020221e-01
1.031984654291558112e-01,-5.986977291585515726e-01,-5.836628863000459244e-01
1.032197154291557839e-01,-5.770255993981793230e-01,-5.822604394750453549e-01
1.032415904291558439e-01,-5.918567449671926495e-01,-5.840869552146749077e-01
1.032632570958224999e-01,-5.967148351900417591e-01,-5.894506833994940243e-01
1.032834654291558268e-01,-5.740737913314203356e-01,-5.895971471585317314e-01
1.033011737624892068e-01,-5.908202322109261662e-01,-5.886755521208948405e-01
1.033182570958224578e-01,-6.098289748454135406e-01,-5.879364734599047404e-01
1.033436737624891660e-01,-5.972961836489912857e-01,-5.889391868871626246e-01
1.033847154291558518e-01,-5.742225083790586382e-01,-5.868021679783730349e-01
1.034740904291558822e-01,-5.762189220791719135e-01,-5.837935770388794632e-01
1.145597154291558700e-01,-5.913069425486512376e-01,-5.857859348195117999e-01
1.145740904291558115e-01,-5.870527336707574984e-01,-5.835285902994514773e-01
1.145905487624891556e-01,-5.704865558792980851e-01,-5.817890514998040885e-01
1.146084654291558286e-01,-5.666289257951062641e-01,-5.828616168736798775e-01
1.146276320958225237e-01,-5.939973691377430365e-01,-5.845605964785167696e-01
1.146478404291557951e-01,-5.682467870103222740e-01,-5.834817218965593355e-01
1.146680487624891359e-01,-5.924335868489409851e-01,-5.829756332768692983e-01
1.146870070958224963e-01,-6.080218373877489535e-01,-5.846119714586098803e-01
1.147038820958224542e-01,-5.912123044274268935e-01,-5.845813267336421593e-01
1.147186737624890929e-01,-5.654301762595980163e-01,-5.822095151526723855e-01
1.147342987624891258e-01,-5.862460563517500889e-01,-5.790887104408698471e-01
1.147570070958224830e-01,-6.034161154881647615e-01,-5.807867887302664567e-01
1.259751320958224785e-01,-5.701801086296193199e-01,-5.788980822252607350e-01
1.259849237624891816e-01,-5.429108099854079716e-01,-5.755478927339193751e-01
1.259965904291558414e-01,-5.627893220197189850e-01,-5.753004816455757897e-01
1.260099237624891511e-01,-5.852275699042881474e-01,-5.765533101074979960e-01
1.260249237624891105e-01,-5.735465217988848785e-01,-5.742594623121082265e-01
1.260417987624891378e-01,-5.745199424743351324e-01,-5.720800815776277970e-01
1.260597154291558109e-01,-5.887381935439908176e-01,-5.756218006000183296e-01
1.260776320958224561e-01,-5.779584608788193023e-01,-5.798746575047519780e-01
1.260951320958225153e-01,-5.633075783978522821e-01,-5.761229319847873676e-01
1.261120070958224593e-01,-5.816223081433612441e-01,-5.731431831393811738e-01
1.261280487624891478e-01,-6.055972988535255341e-01,-5.742414360033035736e-01
1.261434654291557766e-01,-5.854393790327426794e-01,-5.718038283951968337e-01
1.374136737624891413e-01,-5.252720668200728804e-01,-5.688421058585952927e-01
1.374197154291558198e-01,-5.554300814502268757e-01,-5.678204648070925842e-01
1.374274237624891482e-01,-5.845290504381086549e-01,-5.689687406779477818e-01
1.374367987624891263e-01,-5.501438663932677331e-01,-5.672494814757058634e-01
1.374476320958225306e-01,-5.591209681779758522e-01,-5.643896075838504833e-01
1.374599237624891668e-01,-5.677420503637924387e-01,-5.642737885497807193e-01
1.374736737624892013e-01,-5.747903371064045919e-01,-5.694757306130782126e-01
1.374886737624891608e-01,-5.644297161209408387e-01,-5.697961482520806920e-01
1.375045070958224869e-01,-5.769985599349723993e-01,-5.665978304124182907e-01
1.375213820958225142e-01,-5.842811886920449282e-01,-5.672530867374667718e-01
1.375386737624890998e-01,-5.772914874530477025e-01,-5.648208870220015054e-01
1.375557570958224618e-01,-5.586342578402506698e-01,-5.624747629310782315e-01
1.488874237624891461e-01,-5.525458720414853087e-01,-5.619384802441403925e-01
1.488909654291558082e-01,-5.566964296437525439e-01,-5.619939111437146639e-01
1.488957570958224785e-01,-5.347989710233223004e-01,-5.595581061664882672e-01
1.489015904291558223e-01,-5.442808094545602549e-01,-5.565396007571521420e-01
1.489086737624891188e-01,-5.694275102370257580e-01,-5.553800584432939669e-01
1.489172154291558137e-01,-5.649840251166833305e-01,-5.556346800551594800e-01
1.489270070958225167e-01,-5.526405101627096528e-01,-5.564039527833972709e-01
1.489382570958225072e-01,-5.540961345986838982e-01,-5.558780352240221267e-01
1.489507570958225058e-01,-5.656960643144663958e-01,-5.548627033806010633e-01
1.489647154291557918e-01,-5.611804739589053570e-01,-5.524512339202610756e-01
1.489801320958224762e-01,-5.602385993238632178e-01,-5.510852903705898420e-01
1.489963820958224994e-01,-5.514372540500002140e-01,-5.506972740735700533e-01
1.603940904291558112e-01,-5.246456525891117773e-01,-5.507274681408177441e-01
1.603957570958224887e-01,-5.201661148511600441e-01,-5.479924264374346210e-01
1.603984654291557843e-01,-5.557680747403137556e-01,-5.453592333787975477e-01
1.604017987624891395e-01,-5.611038621464856657e-01,-5.451501281966638635e-01
1.604059654291558057e-01,-5.529424508351872269e-01,-5.452231347473225354e-01
1.604113820958224801e-01,-5.267457175648517786e-01,-5.452154735660805773e-01
1.604178404291558002e-01,-5.393641337280961068e-01,-5.467143611431859451e-01
1.604255487624891841e-01,-5.590894221375677375e-01,-5.501997479505620348e-01
1.604345070958224373e-01,-5.609686648304509360e-01,-5.469761932785732750e-01
1.604451320958225069e-01,-5.513606422375805227e-01,-5.425863364269245537e-01
1.604574237624891153e-01,-5.396345283601656773e-01,-5.382929203273806307e-01
1.604709654291557874e-01,-5.550199829249214956e-01,-5.358656778468365856e-01
1.719172154291557786e-01,-5.235325280204256027e-01,-5.331950801974300047e-01
1.719176320958224757e-01,-5.172052936299987858e-01,-5.314519361360218186e-01
1.719186737624891770e-01,-5.100082898397483300e-01,-5.316524788214733732e-01
1.719203404291558268e-01,-5.024732927594109944e-01,-5.315127749282374525e-01
1.719226320958225085e-01,-5.126581572340296322e-01,-5.306074035685245383e-01
1.719255487624891943e-01,-5.416579815234858764e-01,-5.266682044369916937e-01
1.719295070958224703e-01,-5.629740916849664822e-01,-5.288484864869124058e-01
1.719345070958225030e-01,-5.499636033052214268e-01,-5.324902515231687561e-01
1.719407570958224885e-01,-5.305808147630377558e-01,-5.343438067260053437e-01
1.719482570958224821e-01,-5.156279916095932725e-01,-5.364028618492148182e-01
1.719570070958225672e-01,-5.453353485196313910e-01,-5.369377925629923443e-01
1.719672154291557731e-01,-5.536229439925621776e-01,-5.349585038562434391e-01
1.834432570958225150e-01,-5.285438418681140949e-01,-5.306227259310086763e-01
1.834432570958225150e-01,-5.230638439915050730e-01,-5.260859546626022176e-01
1.834436737624891289e-01,-5.180074643718050043e-01,-5.227308079363395255e-01
1.834436737624891289e-01,-5.218650944559969362e-01,-5.210007329488146599e-01
1.834449237624891649e-01,-5.196163124326186322e-01,-5.176604579273158535e-01
1.834463820958224800e-01,-5.045958906211567285e-01,-5.161994255987001345e-01
1.834486737624891617e-01,-4.970293475004113337e-01,-5.183891714607431478e-01
1.834515904291557920e-01,-4.983272417343449501e-01,-5.189984606983397697e-01
1.834553404291558443e-01,-5.119325983046431050e-01,-5.179628492575135690e-01
1.834603404291558215e-01,-5.390126207064057651e-01,-5.167812247153696914e-01
1.834663820958224723e-01,-5.504413004885441163e-01,-5.162102413839828596e-01
1.834736737624891867e-01,-5.291567363674716251e-01,-5.167298497352765807e-01
1.949670070958224866e-01,-5.076513499635423310e-01,-5.184590234073611636e-01
1.949672154291558213e-01,-5.100488490345588266e-01,-5.196852630637964765e-01
1.949674237624891560e-01,-5.139064791187506476e-01,-5.205802692959465849e-01
1.949678404291558531e-01,-5.097919741340927180e-01,-5.186158522939614546e-01
1.949678404291558531e-01,-5.143210842212572187e-01,-5.167244418426351071e-01
1.949688820958224988e-01,-5.105896382986977455e-01,-5.172111521803602896e-01
1.949688820958224988e-01,-5.208826606261443004e-01,-5.187222075159088064e-01
1.949705487624891487e-01,-5.193684506865549055e-01,-5.193526776663508482e-01
1.949726320958225234e-01,-5.315271959752810860e-01,-5.192792204579720350e-01
1.949757570958224606e-01,-5.340238397447231167e-01,-5.203328582076028885e-01
1.949797154291557921e-01,-5.227619033190274989e-01,-5.202377694286585141e-01
1.949845070958225179e-01,-5.163535505389797997e-01,-5.213626110980676964e-01
2.064880487624891070e-01,-5.131719070349617384e-01,-5.203950489729788353e-01
2.064882570958224695e-01,-5.203283516304018086e-01,-5.212472427217180737e-01
2.064882570958224695e-01,-5.133701964318126976e-01,-5.203842331876961103e-01
2.064884654291558042e-01,-5.218380549927899015e-01,-5.172850600464593551e-01
2.064890904291558082e-01,-5.112070393752564668e-01,-5.160349355308578856e-01
2.064890904291558082e-01,-5.278903881739460680e-01,-5.137848015343193797e-01
2.064901320958225095e-01,-5.228971006350622286e-01,-5.118870818749114981e-01
2.064903404291558442e-01,-5.030321083323546771e-01,-5.085152608130044660e-01
2.064913820958225454e-01,-5.102606581630132476e-01,-5.035562232608493671e-01
2.064920070958225773e-01,-4.938522105735944079e-01,-4.973822124952619328e-01
2.064942987624891757e-01,-4.941947104408824232e-01,-4.924434545405121377e-01
2.064974237624891684e-01,-4.866101410113323200e-01,-4.853528059722089782e-01
2.180055487624890931e-01,-4.637798209102624303e-01,-4.789440025344413043e-01
2.180057570958224278e-01,-4.600979473369156691e-01,-4.739809090628052113e-01
2.180057570958224833e-01,-4.618194598277582941e-01,-4.677047341920675394e-01
2.180063820958224596e-01,-4.569839024909150837e-01,-4.636636864157885340e-01
2.180063820958224596e-01,-4.588090662573843237e-01,-4.585940574591170216e-01
2.180072154291557984e-01,-4.534011736159938577e-01,-4.554182725054605196e-01
2.180074237624891609e-01,-4.474989094556363067e-01,-4.570690317342449016e-01
2.180082570958224997e-01,-4.534417328108043543e-01,-4.550948354597333934e-01
2.180088820958224760e-01,-4.434984208741677425e-01,-4.536528208869066159e-01
2.180095070958225356e-01,-4.548522914747670232e-01,-4.528872435519737394e-01
2.180109654291557952e-01,-4.802874131981066941e-01,-4.518812403233591346e-01
2.180109654291557952e-01,-4.403559845917998095e-01,-4.513465800042136822e-01
2.295201320958224489e-01,-4.473993140994907414e-01,-4.517432489294596620e-01
2.295203404291558391e-01,-4.493281291415866519e-01,-4.520109396152084957e-01
2.295203404291558391e-01,-4.487490339712377208e-01,-4.528568692216379254e-01
2.295207570958224530e-01,-4.480545704245392225e-01,-4.530849020280165451e-01
2.295207570958224530e-01,-4.514655987080962163e-01,-4.494804063852138043e-01
2.295213820958224848e-01,-4.561186396682925248e-01,-4.514681223913288854e-01
2.295215904291558195e-01,-4.519577169384627613e-01,-4.524766042374042119e-01
2.295226320958225208e-01,-4.571326195385532754e-01,-4.529046389399702388e-01
2.295230487624891902e-01,-4.442424567700790639e-01,-4.519217995181695202e-01
2.295238820958225567e-01,-4.602331446529504544e-01,-4.504848323118080811e-01
2.295251320958225372e-01,-4.574841325602436726e-01,-4.496609849336642428e-01
2.295267987624891870e-01,-4.536084761672471433e-01,-4.466801545097298098e-01
2.410309654291557802e-01,-4.389206397532307014e-01,-4.460356689041920508e-01
2.410311737624891149e-01,-4.336848983609245534e-01,-4.446088865623051833e-01
2.410311737624891149e-01,-4.432271249266580004e-01,-4.440951818271451357e-01
2.410317987624891467e-01,-4.263103354289484725e-01,-4.423619522355795586e-01
2.410317987624891467e-01,-4.455128608830857262e-01,-4.405856848317428742e-01
2.410324237624891508e-01,-4.428647961196848781e-01,-4.391698985382268550e-01
2.410328404291558479e-01,-4.391054094184782541e-01,-4.390809837700480056e-01
2.410330487624891826e-01,-4.429008487372941283e-01,-4.397566548898176886e-01
2.410342987624891631e-01,-4.397214585218766625e-01,-4.377042695008659945e-01
2.410355487624891435e-01,-4.394506132320870062e-01,-4.368070550458873491e-01
2.410367987624891795e-01,-4.380314920714421523e-01,-4.358808182337331472e-01
2.410382570958224391e-01,-4.404416095586218272e-01,-4.338428989575971451e-01
2.525380487624891424e-01,-4.227032710371410595e-01,-4.335686286691347036e-01
2.525380487624891424e-01,-4.173381908791616302e-01,-4.318837095851655317e-01
2.525384654291558117e-01,-4.362504927615442618e-01,-4.308598603108342862e-01
2.525384654291558117e-01,-4.224856033583250792e-01,-4.303394858414164581e-01
2.525390904291558436e-01,-4.363627065338531175e-01,-4.301730579453776904e-01
2.525390904291558436e-01,-4.260516578976020208e-01,-4.301322734217072341e-01
2.525397154291558754e-01,-4.294829657785642074e-01,-4.316517109908498684e-01
2.525405487624892142e-01,-4.342468685379090587e-01,-4.334253195141378745e-01
2.525415904291558600e-01,-4.363672131110542529e-01,-4.317165155710025459e-01
2.525428404291557571e-01,-4.400337643219169870e-01,-4.313476972928597108e-01
2.525440904291558208e-01,-4.378976467285677354e-01,-4.286489335359457975e-01
2.525453404291557735e-01,-4.350742761120417468e-01,-4.268818144838274486e-01
2.640411737624892008e-01,-4.191624533301906985e-01,-4.256152860272138239e-01
2.640411737624892008e-01,-4.187974205768967839e-01,-4.242728217447606642e-01
2.640413820958225077e-01,-4.093750689647142060e-01,-4.228428397330610267e-01
2.640415904291558702e-01,-4.083804673764184767e-01,-4.212673854093078596e-01
2.640417987624891771e-01,-4.168176812124277930e-01,-4.198882375884372409e-01
2.640422154291558465e-01,-4.208222257133773514e-01,-4.188665965369345878e-01
2.640426320958225714e-01,-4.220673929940575442e-01,-4.192584884903473585e-01
2.640434654291557992e-01,-4.242792210843862044e-01,-4.198320856365108655e-01
2.640445070958225005e-01,-4.241061685198617148e-01,-4.196239719013614144e-01
2.640457570958225086e-01,-4.248578655970150497e-01,-4.189797566904557291e-01
2.640467987624891544e-01,-4.230813728643182947e-01,-4.179496883395868445e-01
2.640478404291558001e-01,-4.245333920385316318e-01,-4.175931730172031675e-01
2.755417987624891318e-01,-4.072939316132191401e-01,-4.148377615848707345e-01
2.755417987624891318e-01,-4.019383152673620674e-01,-4.126689262410410675e-01
2.755420070958224943e-01,-4.065169977037393356e-01,-4.111470100544377670e-01
2.755420070958226053e-01,-4.172570724895407479e-01,-4.102047298274475451e-01
2.755424237624891637e-01,-3.945132786707330474e-01,-4.099071605348550973e-01
2.755426320958224706e-01,-4.025908676460899227e-01,-4.099445651256246603e-01
2.755428404291558331e-01,-4.088870066538287107e-01,-4.116733782715331080e-01
2.755432570958225025e-01,-4.154350633271123305e-01,-4.139285145687649492e-01
2.755438820958225343e-01,-4.201056799383932061e-01,-4.152890502257947647e-01
2.755445070958225662e-01,-4.249074379462277617e-01,-4.153090594285679393e-01
2.755449237624892356e-01,-4.245820630723041722e-01,-4.176782571947610379e-01
2.755455487624892119e-01,-4.244896782396803681e-01,-4.188609182496610961e-01
2.870399237624891020e-01,-4.201223542740374906e-01,-4.188757899544248708e-01
2.870401320958224645e-01,-4.174571645172722167e-01,-4.175833937446766231e-01
2.870409654291558033e-01,-4.182052563326645322e-01,-4.142587114802939174e-01
2.870417987624891976e-01,-4.144174781950906716e-01,-4.115380457581823692e-01
2.870428404291557878e-01,-4.090357237014669578e-01,-4.084338703162522788e-01
2.870438820958224335e-01,-4.025111012296293533e-01,-4.060979310898036321e-01
2.870442987624891584e-01,-3.868588572945649839e-01,-4.036285971782007098e-01
2.870445070958224654e-01,-3.977007807251125571e-01,-4.019078958712543059e-01
2.870445070958224654e-01,-3.935403086530028793e-01,-4.033679818186577393e-01
2.870445070958225764e-01,-4.011302859751943450e-01,-4.048920160965455706e-01
2.870447154291558278e-01,-3.954290151580084900e-01,-4.067385861047203566e-01
2.870447154291558278e-01,-4.002501514478080669e-01,-4.082819085330291475e-01
2.985349237624891350e-01,-4.328061158066986436e-01,-4.101161305196727169e-01
2.985372154291557889e-01,-4.296578209739691512e-01,-4.094404593999029784e-01
2.985407570958225620e-01,-4.275014237832147068e-01,-4.091461799086673623e-01
2.985449237624892005e-01,-4.179443255127174850e-01,-4.076581081168447751e-01
2.985495070958224528e-01,-4.052010771610010109e-01,-4.059309624045006615e-01
2.985534654291557843e-01,-3.909440695274153388e-01,-4.047518164798175055e-01
2.985561737624891632e-01,-3.905975137406462183e-01,-4.002990928762126255e-01
2.985576320958225338e-01,-3.862495680569683620e-01,-3.959033774742024003e-01
2.985582570958225657e-01,-3.781575580345677423e-01,-3.981561703512896400e-01
2.985584654291559281e-01,-3.884586922009762855e-01,-4.010061297733024666e-01
2.985586737624892351e-01,-3.882788797706500650e-01,-4.049920621104113327e-01
2.985590904291557934e-01,-3.857006669538671773e-01,-4.088887191531651588e-01
3.100422154291558319e-01,-4.500293525540869366e-01,-4.105384418691933046e-01
3.100478404291558965e-01,-4.464439197328450848e-01,-4.117920815150116209e-01
3.100557570958225595e-01,-4.450604005320893952e-01,-4.126823107753285202e-01
3.100651320958225932e-01,-4.299106399549540991e-01,-4.110078469504659937e-01
3.100745070958225158e-01,-4.070947409009278983e-01,-4.099961203688058942e-01
3.100824237624890678e-01,-3.987859645151515808e-01,-4.088688451477079933e-01
3.100886737624892198e-01,-3.870598506377366799e-01,-4.010228491747186985e-01
3.100928404291559137e-01,-3.717140539523510756e-01,-3.931099755960641984e-01
3.100949237624892052e-01,-3.781616139540487920e-01,-3.882182212415224987e-01
3.100959654291559064e-01,-3.744279147428887788e-01,-3.821952709437179130e-01
3.100965904291558828e-01,-3.715693928241938226e-01,-3.784235812867521864e-01
3.100974237624890550e-01,-3.673151839463000834e-01,-3.750026385333526391e-01
3.215901320958224341e-01,-3.961428569866720095e-01,-3.787569328023219217e-01
3.215903404291559076e-01,-3.696811369769082978e-01,-3.776607980296840528e-01
3.215955487624891362e-01,-3.693778443312703552e-01,-3.758165714416538683e-01
3.215995070958225788e-01,-3.645765369811558854e-01,-3.741210168354899279e-01
3.216003404291558621e-01,-4.246027933274293953e-01,-3.849288254766247142e-01
3.216017987624892327e-01,-3.607527062259727191e-01,-3.959682721858990839e-01
3.216030487624891299e-01,-3.597193480737470583e-01,-4.012283490950915299e-01
3.216042987624890270e-01,-3.574723686812493195e-01,-4.119974011722964402e-01
3.216061737624892336e-01,-4.796474792355421291e-01,-4.108199226811777294e-01
3.216105487624892345e-01,-4.777096510390438922e-01,-4.113984770622624576e-01
3.216115904291558247e-01,-4.487436260785964137e-01,-4.039457700816183050e-01
3.216136737624891162e-01,-4.773716577489570123e-01,-4.023551285926972865e-01
3.327138820958225329e-01,-3.576030594200829138e-01,-4.006193302521269817e-01
3.327151320958224856e-01,-3.703620807920033897e-01,-3.988130039783585601e-01
3.327182570958225338e-01,-3.500757235209875362e-01,-3.896145841873014937e-01
3.327209654291558572e-01,-3.448462913367629779e-01,-3.843264763679178908e-01
3.327222154291557543e-01,-3.423613646680440659e-01,-3.849657343439022439e-01
3.327234654291558180e-01,-3.394091059435649926e-01,-3.873992860325279342e-01
3.327795070958226020e-01,-3.876632813249717979e-01,-3.999295535457176309e-01
3.329740904291558223e-01,-4.248285728452074750e-01,-4.106688171476228777e-01
3.331759654291558403e-01,-4.551362058384400000e-01,-4.083773127723776541e-01
3.332647154291558667e-01,-5.017071746352139705e-01,-4.066981170414539215e-01
3.333278404291558639e-01,-4.829057345519798816e-01,-4.053029708715191748e-01
3.333686737624891872e-01,-4.777547168110554687e-01,-4.045573126078154669e-01
3.429651320958225225e-01,-3.271606797685358003e-01,-3.994473047194216364e-01
3.429659654291559168e-01,-3.280543340275255404e-01,-3.922254246230208463e-01
3.429670070958224515e-01,-3.284099029686969873e-01,-3.843614474069988463e-01
3.429680487624891527e-01,-3.319525233065278025e-01,-3.729772926076078687e-01
3.429699237624891373e-01,-3.365632024410332712e-01,-3.463258006319034354e-01
3.429886737624892046e-01,-3.526097718811990744e-01,-3.284753835354298213e-01
3.431472154291557719e-01,-3.764964336782206100e-01,-3.150636295216934779e-01
3.440238820958225752e-01,-3.878656266413038067e-01,-3.019456592757006619e-01
3.448907570958225088e-01,-2.163908147949353822e-01,-2.865882356211360560e-01
3.449840904291558985e-01,-2.992505458463197154e-01,-2.835802305366786347e-01
3.453180487624891160e-01,-1.930431396311724224e-01,-2.799911023221318684e-01
3.454457570958225365e-01,-1.968746315675974912e-01,-2.748209766938745635e-01
3.557205487624891527e-01,-1.748356664230509838e-01,-2.675529492469338466e-01
3.558728404291557901e-01,-3.018724724619538669e-01,-2.595187586100241584e-01
3.558753404291557509e-01,-3.006719202955651649e-01,-2.690784706952981109e-01
3.558780487624890743e-01,-3.009085155986259696e-01,-2.691789673668839589e-01
3.558815904291558474e-01,-3.038161592088136076e-01,-2.732686861769354492e-01
3.558874237624892189e-01,-3.075237202722068686e-01,-2.687101932064194232e-01
3.559145070958223966e-01,-3.119879356476746857e-01,-2.595153786771232651e-01
3.560665904291558381e-01,-3.002555125621781396e-01,-2.570673608756818829e-01
3.572869654291558894e-01,-2.339403277316876029e-01,-2.545023072643263773e-01
3.601790606672511386e-01,-1.512897018624370093e-01,-2.516027754931008942e-01
3.671699932069336647e-01,-8.288752113008991673e-02,-2.481250949327387101e-01
3.691870070958224170e-01,-2.773922944475396557e-01,-2.443766592141309590e-01
3.691888820958224571e-01,-2.750213841820101091e-01,-2.384365398052836482e-01
3.691905487624891902e-01,-2.719131978863709165e-01,-2.289159898758877931e-01
3.691922154291558122e-01,-2.690393536051920442e-01,-2.203255073492670635e-01
3.691942987624891592e-01,-2.700393630861291361e-01,-2.159817527823861827e-01
3.692088820958224771e-01,-2.525867415592018550e-01,-2.160762106405224869e-01
3.692849237624891146e-01,-2.050500132682195331e-01,-1.962958518576526923e-01
3.694207570958225606e-01,-1.480355024654803064e-01,-1.947361254883316628e-01
3.771426320958224387e-01,-1.078521561936286455e-01,-1.932566612589632637e-01
3.777449237624891931e-01,-8.383209971145277883e-02,-1.916342934665461739e-01
3.778892987624891675e-01,-7.958870661884173692e-02,-1.887225038053335080e-01
3.801863820958225615e-01,-2.594241204887998142e-01,-1.882781102275272733e-01
3.801880487624891281e-01,-2.571185555926870370e-01,-1.882029405198119565e-01
3.801895070958223877e-01,-2.528156756810207018e-01,-1.881581902082044566e-01
3.801903404291557820e-01,-2.409214664740025602e-01,-1.876593571778081837e-01
3.801903404291558930e-01,-2.481428057811392585e-01,-1.907670928157272350e-01
3.801930487624891608e-01,-2.042983161910662537e-01,-2.072674295142776790e-01
3.802207570958224814e-01,-1.475879993494052522e-01,-2.054008953691017492e-01
3.803551320958225568e-01,-1.028638258896660829e-01,-2.031182689509428707e-01
3.805095070958224857e-01,-1.149094560906431667e-01,-2.006253656405779240e-01
3.917301320958224697e-01,-2.445920736043462884e-01,-1.975713934686686712e-01
3.917320070958225098e-01,-2.407587790370407099e-01,-1.898237760759806381e-01
3.917338820958225498e-01,-2.342922914110981136e-01,-1.843745581216555962e-01
3.917351320958225025e-01,-2.278866425773711235e-01,-1.788580569697172384e-01
3.917355487624891719e-01,-2.103817447549103936e-01,-1.799178236643417250e-01
3.917355487624891719e-01,-1.706666318542590655e-01,-1.731296114920083951e-01
3.917413820958225434e-01,-1.498061366478155854e-01,-1.517389940896609613e-01
3.917674237624891864e-01,-9.242298783002160512e-02,-1.300386892086271284e-01
3.918565904291558266e-01,-1.134614928359109071e-01,-1.296654995505991670e-01
3.920590904291558765e-01,-4.702733436730978378e-02,-1.295703657058827063e-01
3.922634654291558554e-01,-3.068589958087218281e-02,-1.305922320862454300e-01
3.923482570958225502e-01,-2.375573022670234360e-02,-1.349095330449554819e-01
4.033276320958225636e-01,-2.305603948308185824e-01,-1.394874493632085044e-01
4.033295070958224926e-01,-2.269353041302064888e-01,-1.485385942113316982e-01
4.033313820958225326e-01,-2.206004085585377417e-01,-1.522510674438742329e-01
4.033330487624892657e-01,-2.138396414413594460e-01,-1.605391135745252162e-01
4.033342987624891629e-01,-1.955852998303460044e-01,-1.669952946584087883e-01
4.033349237624891948e-01,-1.829344363112533345e-01,-1.702654112860399749e-01
4.033353404291558642e-01,-1.505862251613361569e-01,-1.515741660285286063e-01
4.033384654291558569e-01,-1.299077956738194650e-01,-1.323680938981340316e-01
4.033501320958224889e-01,-9.524771041970789276e-02,-1.319483963633901191e-01
4.033709654291558477e-01,-5.645689650301424084e-02,-1.317599763706096827e-01
4.033905487624891428e-01,-4.364794225570489683e-02,-1.327976608369484945e-01
4.033999237624892320e-01,-3.487458282626114403e-02,-1.343456701055464886e-01
4.149088820958224955e-01,-2.164034332110986170e-01,-1.387005559181141989e-01
4.149105487624892286e-01,-2.119554415135549985e-01,-1.424489015051779439e-01
4.149122154291557951e-01,-2.059621444937340673e-01,-1.483700031582363132e-01
4.149138820958224172e-01,-1.984145289972334414e-01,-1.589502747164846519e-01
4.149153404291557878e-01,-1.941350832870131216e-01,-1.687922697844847775e-01
4.149163820958224891e-01,-1.673912515444569427e-01,-1.787259691919512727e-01
4.149170070958225209e-01,-1.544587269502918081e-01,-1.703921813027085563e-01
4.149176320958224973e-01,-1.622596120854975510e-01,-1.618491079682440048e-01
4.149182570958225291e-01,-1.420678929357059583e-01,-1.617071958521794917e-01
4.149186737624891985e-01,-1.342115769009259996e-01,-1.619181937967377471e-01
4.149190904291557569e-01,-1.330655543186713419e-01,-1.618495135601920876e-01
4.149195070958225928e-01,-1.265247081689096220e-01,-1.643094737912165759e-01
4.264788820958224647e-01,-2.045430233330891578e-01,-1.665839433046413798e-01
4.264803404291557243e-01,-2.005245084428159685e-01,-1.664630769041063052e-01
4.264815904291557880e-01,-1.934482809215565813e-01,-1.686129395579190615e-01
4.264830487624891586e-01,-1.919908538547018262e-01,-1.717108057917675901e-01
4.264842987624891668e-01,-1.772034220845397912e-01,-1.750445913420967392e-01
4.264851320958224501e-01,-1.610509480801467497e-01,-1.784462910108473577e-01
4.264861737624891513e-01,-1.635665194738335493e-01,-1.739148825693102862e-01
4.264872154291558526e-01,-1.651902392394110075e-01,-1.691188929802931451e-01
4.264880487624891914e-01,-1.664034098219629443e-01,-1.688573312395378889e-01
4.264888820958225302e-01,-1.605417048564158344e-01,-1.681670588096364216e-01
4.264897154291559245e-01,-1.592289389177183045e-01,-1.689803157313575221e-01
4.264905487624891522e-01,-1.525646125526448071e-01,-1.703713609160391884e-01
4.380428404291557554e-01,-1.908326635140040473e-01,-1.705079552710062896e-01
4.380436737624892052e-01,-1.850881295556870698e-01,-1.699888426432048238e-01
4.380442987624891260e-01,-1.853359913017507687e-01,-1.687425937839964196e-01
4.380453404291559383e-01,-1.749613999269633013e-01,-1.691225433078261120e-01
4.380463820958225285e-01,-1.649324630235047551e-01,-1.706466677172579771e-01
4.380472154291558673e-01,-1.599991129613963503e-01,-1.725160410060706251e-01
4.380482570958224575e-01,-1.539409212298786800e-01,-1.704375625351241819e-01
4.380492987624891588e-01,-1.643412000947127027e-01,-1.681927913654550355e-01
4.380499237624891906e-01,-1.744701830120370389e-01,-1.674845827582929492e-01
4.380505487624891670e-01,-1.712583454407712313e-01,-1.678721033318205935e-01
4.380513820958225613e-01,-1.700478788045400036e-01,-1.683246988801329613e-01
4.380522154291559001e-01,-1.626404178589954397e-01,-1.685615645778258398e-01
4.496051320958225350e-01,-1.782539052301298499e-01,-1.690069946683883662e-01
4.496055487624892044e-01,-1.788366056622396616e-01,-1.672014795785161378e-01
4.496059654291558738e-01,-1.694584185066284054e-01,-1.642730606474312183e-01
4.496067987624892126e-01,-1.623677699383253292e-01,-1.622777735916182129e-01
4.496074237624892445e-01,-1.583952221355039436e-01,-1.611192227247443265e-01
4.496080487624891653e-01,-1.462860491959905307e-01,-1.603403059212960557e-01
4.496086737624891971e-01,-1.451859937011876767e-01,-1.578803006244995366e-01
4.496092987624891735e-01,-1.513054748826410667e-01,-1.547222715850155861e-01
4.496097154291557318e-01,-1.584623701358011949e-01,-1.549093396046356819e-01
4.496101320958224568e-01,-1.548512498245127600e-01,-1.548613896232153564e-01
4.496107570958225441e-01,-1.536538522621648528e-01,-1.546291206342676472e-01
4.496113820958224649e-01,-1.472563152673999620e-01,-1.552964545862152157e-01
4.611736737624891336e-01,-1.713290987028294188e-01,-1.552480088813027459e-01
4.611738820958224405e-01,-1.618882701241220190e-01,-1.539412817560547597e-01
4.611740904291558030e-01,-1.560725322460267406e-01,-1.520487446604281701e-01
4.611745070958224724e-01,-1.529593887154662990e-01,-1.508938891868592536e-01
4.611747154291558348e-01,-1.447015366520631174e-01,-1.502343065476976491e-01
4.611749237624891418e-01,-1.382382036301613160e-01,-1.498510672225111251e-01
4.611753404291558667e-01,-1.395369991795352427e-01,-1.468946624470069962e-01
4.611757570958225361e-01,-1.433026950888234563e-01,-1.441979717156056384e-01
4.611759654291557320e-01,-1.470580258705490029e-01,-1.418146232970008691e-01
4.611761737624892055e-01,-1.434239220155346384e-01,-1.401181673753966739e-01
4.611763820958224014e-01,-1.417650509477881293e-01,-1.389778230804155079e-01
4.611765904291558749e-01,-1.349213628101085249e-01,-1.388857987739678390e-01
4.727555487624892083e-01,-1.322390480599788531e-01,-1.390195089195261913e-01
4.727557570958224598e-01,-1.359948294994245133e-01,-1.374740233341608386e-01
4.727557570958224598e-01,-1.332980937022511247e-01,-1.362983474739225265e-01
4.727559654291557667e-01,-1.373179605656846825e-01,-1.353882892739205757e-01
4.727559654291558777e-01,-1.408741006351190428e-01,-1.346928342802377609e-01
4.727559654291558777e-01,-1.278478392351697912e-01,-1.359883400282548560e-01
4.727559654291558777e-01,-1.353012672681661865e-01,-1.378323863531969729e-01
4.727559654291558777e-01,-1.343233400155147417e-01,-1.393356903759594978e-01
4.727559654291558777e-01,-1.348105010109600099e-01,-1.350353341475258040e-01
4.727559654291558777e-01,-1.478764202902794200e-01,-1.318800991859065685e-01
4.727561737624891292e-01,-1.506795113094001326e-01,-1.274490071528672497e-01
4.727563820958224361e-01,-1.510278697270496795e-01,-1.246285658115220824e-01
4.842940904291558879e-01,-9.029453141791435322e-02,-1.218466557052468036e-01
4.842942987624891393e-01,-1.057656109494921892e-01,-1.192999438631000275e-01
4.842942987624891393e-01,-9.656318030472611780e-02,-1.168854549960352263e-01
4.842942987624891393e-01,-9.964342582171807627e-02,-1.137538344989500461e-01
4.842942987624891393e-01,-1.074821662054135096e-01,-1.110105457592887035e-01
4.842942987624891393e-01,-1.088562215940468147e-01,-1.089123735459732456e-01
4.842945070958224463e-01,-1.106656123403120251e-01,-1.136206200768837965e-01
4.842949237624891157e-01,-1.165602153194275903e-01,-1.174886152886383123e-01
4.842951320958224781e-01,-1.232466239127867486e-01,-1.131939824132500994e-01
4.842953404291557851e-01,-1.300461475938950451e-01,-1.091040833401105276e-01
4.842957570958225100e-01,-1.373769967270198622e-01,-1.045575778649495829e-01
4.842961737624891794e-01,-1.444455630670373192e-01,-1.007347836225226945e-01
4.955213820958225268e-01,-5.361685155084403714e-02,-9.745935824694854088e-02
4.955217987624890852e-01,-5.874443509032240690e-02,-9.325530757330360854e-02
4.955220070958223921e-01,-6.201711145380384843e-02,-8.912683219932213130e-02
4.955222154291557546e-01,-7.062827916977790221e-02,-8.514513604478238240e-02
4.955222154291557546e-01,-7.791135858457047536e-02,-8.131287799023306784e-02
4.955222154291557546e-01,-7.451970858297843336e-02,-7.753911530775477179e-02
4.955226320958224240e-01,-8.196187017297192068e-02,-8.360875374536334836e-02
4.955230487624892044e-01,-9.022918604849755608e-02,-8.967740073598767792e-02
4.955232570958224558e-01,-9.905441618152663330e-02,-8.733457095299851369e-02
4.955238820958224877e-01,-1.067079362422544558e-01,-8.456346761885162600e-02
4.955242987624891571e-01,-1.143132359269298792e-01,-8.143290616740872512e-02
4.955247154291558265e-01,-1.194309049965657232e-01,-7.950729079512561248e-02
5.061124237624891053e-01,-3.858881362391212294e-02,-7.740226858446438984e-02
5.061128404291558303e-01,-4.291724582830902524e-02,-7.514330169661158354e-02
5.061132570958224441e-01,-4.660574407014139026e-02,-7.251785995076055757e-02
5.061134654291558066e-01,-5.526355486014742496e-02,-7.000382079332215235e-02
5.061134654291558066e-01,-6.091164806635962492e-02,-6.775661607196437064e-02
5.061136737624891691e-01,-6.763951716996945140e-02,-6.602194437569436358e-02
5.061140904291557829e-01,-7.279999872301627650e-02,-7.298766611740413468e-02
5.061145070958225078e-01,-8.156754466787052849e-02,-7.989508626986253914e-02
5.061149237624892328e-01,-9.184118871335203438e-02,-7.881647757596001169e-02
5.061155487624892091e-01,-1.020841880338656388e-01,-7.732326828612808012e-02
5.061159654291559340e-01,-1.082460310410099380e-01,-7.536379499933267001e-02
5.061161737624891854e-01,-1.119914473528929033e-01,-7.294278962163498747e-02
5.191907570958224083e-01,-3.581965713111614352e-02,-7.011534505931923955e-02
5.191911737624891332e-01,-4.033146196182818555e-02,-6.702441895436050956e-02
5.191915904291557471e-01,-4.131691519840555854e-02,-6.339144174364641504e-02
5.191917987624891095e-01,-4.342946339299272318e-02,-5.947369391959110574e-02
5.191920070958224720e-01,-4.452555309985854054e-02,-5.541105963851855609e-02
5.191924237624891969e-01,-5.065828361828335347e-02,-5.140453224360042039e-02
5.191926320958224483e-01,-5.551141660621115165e-02,-5.512645126195657441e-02
5.191930487624891732e-01,-6.290670979331258739e-02,-5.872418703895759817e-02
5.191936737624891496e-01,-6.761968823028434439e-02,-5.280322508979244656e-02
5.191940904291558745e-01,-7.192617340371160184e-02,-4.703339571364534288e-02
5.191945070958225994e-01,-7.303884731467767677e-02,-4.140658707155421558e-02
5.191947154291558508e-01,-7.630881973183845091e-02,-3.565059739399187994e-02
5.323751320958225453e-01,1.789270429324602008e-02,-2.987631236496599008e-02
5.323759654291556620e-01,1.426883036847827364e-02,-2.419928242654514547e-02
5.323765904291557494e-01,1.174253332105272898e-02,-1.878569797814964165e-02
5.323772154291557257e-01,6.901613157340064607e-03,-1.374062536064728918e-02
5.323780487624890645e-01,2.231433684047699675e-03,-8.928632915988861732e-03
5.323786737624891519e-01,-6.136410409104183818e-03,-3.963881023942758194e-03
5.323790904291557657e-01,-1.348384374632930621e-02,-8.361335964752601713e-03
5.323797154291558531e-01,-2.147544722868805281e-02,-1.267540570760940580e-02
5.323805487624891919e-01,-2.491892286809341620e-02,-1.127442802677639661e-02
5.323811737624891682e-01,-2.666130081137740512e-02,-9.745008389133162641e-03
5.323815904291558931e-01,-2.608184511485241858e-02,-8.037974178864702376e-03
5.323820070958225070e-01,-2.887186706008977241e-02,-5.981100239020650973e-03
5.434705487624891251e-01,2.575231012938283132e-02,-3.685463332482011040e-03
5.434720070958225513e-01,2.219580953377240512e-02,-1.420025901083778880e-03
5.434732570958225040e-01,1.930177578673231142e-02,4.341106502117449356e-04
5.434747154291558191e-01,1.443232898933631200e-02,1.723185512562782924e-03
5.434763820958223857e-01,9.472525319057080104e-03,2.674514946572981253e-03
5.434776320958225604e-01,1.178927085294286144e-03,3.593712485138918829e-03
5.434788820958225131e-01,-6.377557355138186064e-03,-1.020896384685957871e-03
5.434801320958224657e-01,-1.377055218786702416e-02,-5.459784796283255991e-03
5.434813820958225294e-01,-1.656855077475042834e-02,-4.012227133499069592e-03
5.434828404291559556e-01,-1.967989167443039492e-02,-2.420792486990690131e-03
5.434838820958226568e-01,-2.039377856886594176e-02,-6.088329917208109556e-04
5.434847154291559956e-01,-2.219307458220056567e-02,1.500782322423838480e-03
5.553401320958225584e-01,3.377735241457417020e-02,3.848078123419359370e-03
5.553428404291559373e-01,3.034667545442009881e-02,6.026251095209796474e-03
5.553455487624892051e-01,2.759212027175586904e-02,7.664211194085217282e-03
5.553482570958224729e-01,2.227508022674078506e-02,8.871059048823914245e-03
5.553509654291557407e-01,1.709540065481702370e-02,9.942979982159918725e-03
5.553536737624891195e-01,8.011177530037346881e-03,1.072890901973319253e-02
5.553563820958224984e-01,-1.889497859962134508e-04,5.727978325916188024e-03
5.553588820958224037e-01,-7.611413127043427027e-03,9.859234528425413376e-04
5.553613820958225311e-01,-9.674569235505891748e-03,2.675258982468892936e-03
5.553640904291557989e-01,-1.433378420646783634e-02,4.578967882977161633e-03
5.553665904291558153e-01,-1.623195452359588176e-02,6.772999499938475200e-03
5.553690904291558317e-01,-1.707387327631635157e-02,9.294997272714114467e-03
5.666645070958225006e-01,4.448547556801937114e-02,1.209314052072567487e-02
5.666695070958226443e-01,4.131216923182347289e-02,1.453036957634751963e-02
5.666742987624892036e-01,3.903571682443016805e-02,1.620984922163493450e-02
5.666790904291557629e-01,3.323115525779373608e-02,1.754299885967102596e-02
5.666838820958224332e-01,2.779248269411938380e-02,1.892098218099284510e-02
5.666888820958224660e-01,1.676087742917501192e-02,1.971560891256435299e-02
5.666938820958224987e-01,7.120227217368273361e-03,1.408606928468932561e-02
5.666984654291558066e-01,-1.002287826106933221e-03,8.827596716980497596e-03
5.667030487624892254e-01,-2.452121310377704689e-03,1.634762745443280041e-02
5.667078404291557847e-01,-9.127605960601260435e-03,2.426271376249307388e-02
5.667126320958224550e-01,-1.180992071073092009e-02,3.261148151435245418e-02
5.667174237624891253e-01,-1.127255644526475517e-02,4.171748492674532544e-02
5.776076320958224430e-01,1.142360241989531650e-01,5.154938075523764207e-02
5.776211737624892262e-01,1.123820183383964638e-01,6.146959152648334007e-02
5.776345070958225358e-01,1.112801602127131695e-01,7.093081416965682506e-02
5.776459654291559165e-01,1.078209115531037349e-01,8.052524041911128527e-02
5.776595070958225886e-01,1.054391855022913937e-01,9.052683591869041535e-02
5.776730487624891497e-01,9.819981988635002879e-02,1.000518879187102389e-01
5.776865904291557108e-01,9.216010512135715260e-02,9.679795891638560967e-02
5.776999237624891315e-01,8.681665653394327054e-02,9.379247751516085752e-02
5.777111737624892607e-01,8.820603428506050558e-02,8.266446149388953502e-02
5.777247154291558218e-01,8.397796355493342135e-02,7.188237033857916569e-02
5.777382570958224939e-01,8.169673417570687268e-02,6.133845178835002632e-02
5.777515904291558035e-01,8.232720432614898387e-02,5.151846979971502760e-02
