case,maxQ_p0,p99Q_p0,fracQ0p01_p0,fracQ0p05_p0,fracQ0p2_p0,maxQ_p1,p99Q_p1,fracQ0p01_p1,fracQ0p05_p1,fracQ0p2_p1,sweep_deg,aspect_ratio,taper_ratio
hi_01,0.10685399919748306,-1.149159515989595e-06,0.0025,0.0025,0.0,0.20466099679470062,0.06968532502651215,0.02,0.01375,0.00125,45.26,1.45,0.429
hi_02,0.005877560004591942,-1.9314200017106486e-06,0.0,0.0,0.0,0.21010400354862213,0.09806569665670395,0.02,0.0175,0.00125,59.37,1.59,0.332
hi_04,0.14014500379562378,-4.291704271963681e-07,0.0075,0.005,0.0,0.32795798778533936,0.03952428698539734,0.01375,0.01,0.00375,50.66,1.11,0.378
hi_05,0.1263349950313568,-9.330519219474809e-07,0.0025,0.0025,0.0,0.3071640133857727,0.052833735942840576,0.01875,0.01125,0.00125,48.54,1.38,0.373
hi_06,0.011477099731564522,-2.708978854570887e-06,0.00125,0.0,0.0,0.3266359865665436,0.08264127373695374,0.02375,0.0175,0.00125,50.25,1.7,0.46
hi_07,0.44252100586891174,0.0011721608461812139,0.01,0.01,0.00375,0.44262999296188354,0.0013863416388630867,0.01,0.01,0.00375,57.87,0.88,0.211
hi_08,0.1028359979391098,-1.2116840935050277e-06,0.0025,0.0025,0.0,0.3639020025730133,0.0696704164147377,0.02125,0.015,0.0025,47.29,1.3,0.472
hi_09,0.3000499904155731,-1.0355129376193872e-07,0.0075,0.005,0.00125,0.4112429916858673,0.054926786571741104,0.0125,0.01125,0.0025,53.25,0.99,0.359
hi_10,0.1297290027141571,0.0004688372719101608,0.01,0.00875,0.0,0.15053899586200714,0.03652119264006615,0.01125,0.00875,0.0,48.93,0.83,0.183
hi_11,0.1925390064716339,0.000592001189943403,0.01,0.01,0.0,0.24926400184631348,0.0013846851652488112,0.01,0.01,0.0025,47.02,0.95,0.263
hi_12,0.8079820275306702,-2.3047844024404185e-06,0.0049261083743842365,0.0024630541871921183,0.0024630541871921183,0.46033400297164917,0.10410277545452118,0.02,0.0175,0.00375,54.41,1.49,0.49
hi_13,0.334196001291275,0.055634379386901855,0.0125,0.01125,0.0025,0.35663700103759766,0.05750929191708565,0.0125,0.01125,0.00375,52.24,1.18,0.159
hi_14,0.2892409861087799,0.005978451110422611,0.01,0.01,0.00125,0.354203999042511,0.024644548073410988,0.01375,0.01,0.0025,46.19,1.05,0.283
hi_15,0.0898716002702713,-1.5123446246434469e-06,0.0025,0.00125,0.0,0.2631100118160248,0.06911628693342209,0.02375,0.01625,0.0025,51.31,1.77,0.306
hi_16,0.18488800525665283,3.8334349028446013e-07,0.0075,0.00625,0.0,0.26637598872184753,0.01566360890865326,0.0125,0.00875,0.00375,56.94,1.06,0.246
hi_17,0.049423400312662125,-2.2697329313814407e-06,0.00125,0.0,0.0,0.27211299538612366,0.08506963402032852,0.02125,0.01625,0.00125,53.03,1.63,0.411
hi_18,0.06356819719076157,-8.023417876756866e-07,0.0025,0.00125,0.0,0.21108600497245789,0.05979513004422188,0.02125,0.015,0.00125,55.18,1.69,0.192
hi_19,0.0066354600712656975,-1.372515612274583e-06,0.0,0.0,0.0,0.2212119996547699,0.07546105235815048,0.02125,0.01125,0.00125,59.25,1.53,0.31
hi_20,0.026702100411057472,-9.18122282200784e-07,0.0025,0.0,0.0,0.2608509957790375,0.07006971538066864,0.0175,0.01375,0.00125,55.82,1.21,0.433
hi_03,0.07536020129919052,-4.3983774844491563e-07,0.00375,0.0025,0.0,0.24766500294208527,0.04532944783568382,0.0175,0.01,0.0025,57.19,1.28,0.233
