run_id,x_sep,x_reattach,bubble_length,status,Cd
run_01,,,0.0,attached,0.02369156
run_02,,,0.0,attached,0.01616555
run_03,,,0.0,attached,0.01702835
run_04,,,0.0,attached,0.01884569
run_05,,,0.0,attached,0.01411588
run_06,,,0.0,attached,0.01920272
run_07,,,0.0,attached,0.01900073
run_08,,,0.0,attached,0.02768376
run_09,,,0.0,attached,0.01699945
run_10,,,0.0,attached,0.02374728
run_11,,,0.0,attached,0.01560583
run_12,,,0.0,attached,0.02293262
run_13,,,0.0,attached,0.01188015
run_14,,,0.0,attached,0.01120431
run_15,,,0.0,attached,0.01693002
run_16,,,0.0,attached,0.02682551
run_17,,,0.0,attached,0.01682838
run_18,,,0.0,attached,0.01999459
run_19,,,0.0,attached,0.02269752
run_20,,,0.0,attached,0.0188078
run_21,,,0.0,attached,0.01805259
run_22,,,0.0,attached,0.02046473
run_23,,,0.0,attached,0.01234079
run_24,,,0.0,attached,0.02770745
run_25,,,0.0,attached,0.01038264
run_26,,,0.0,attached,0.01480602
run_27,,,0.0,attached,0.01958953
run_28,,,0.0,attached,0.02134966
run_29,,,0.0,attached,0.02589116
run_30,,,0.0,attached,0.01475812
case_99,,,0.0,attached,
